IdPersona,Nombre
0,José Martínez
1,Juan López
2,Carlos Hernández
3,Miguel González
4,Luis Ramírez
5,Pedro Torres
6,Jorge Sánchez
7,Ricardo Vargas
8,Hugo Castillo
9,Víctor Navarro
10,Alejandro Cruz
11,Fernando Reyes
12,Manuel Ortega
13,Rafael Estrada
14,Arturo Paredes
15,Roberto Domínguez
16,Diego Salinas
17,Emilio Aguirre
18,Iván Castañeda
19,Marco Beltrán
20,Ana Pérez
21,María Gómez
22,Guadalupe Sánchez
23,Carmen Rivera
24,Lucía Morales
25,Sofía Herrera
26,Gabriela Rojas
27,Patricia Medina
28,Daniela Rubio
29,Verónica Solís
30,Alejandro García
31,Daniel Fernández
32,Pablo Rodríguez
33,David López
34,Sergio Martínez
35,Javier Sánchez
36,Álvaro Gómez
37,Mario Ruiz
38,Rubén Ortega
39,Iván Alonso
40,Diego Navarro
41,Héctor Domínguez
42,Adrián Vidal
43,Óscar Blanco
44,Raúl Márquez
45,Laura García
46,Marta Fernández
47,Sara López
48,Paula Torres
49,Lucía Romero
50,Claudia Navarro
51,Elena Castillo
52,Andrea Serrano
53,Patricia Rivas
54,Beatriz Cortés
55,Isabel Molina
56,Nuria Santos
57,Cristina Arias
58,Rosa Bernal
59,Lorena Vela
60,Lorenzo Rossi
61,Marco Russo
62,Alessandro Ferrari
63,Matteo Esposito
64,Andrea Bianchi
65,Francesco Romano
66,Antonio Colombo
67,Giuseppe Ricci
68,Davide Marino
69,Stefano Conti
70,Paolo Galli
71,Giorgio Fontana
72,Nicola Riva
73,Simone Longo
74,Fabio Vitale
75,Chiara Rossi
76,Sofia Greco
77,Giulia Romano
78,Martina Costa
79,Alessia Lombardi
80,Francesca De Luca
81,Elena Bruno
82,Valentina Cattaneo
83,Arianna Serra
84,Lucia Moretti
85,Silvia Testa
86,Beatrice Caruso
87,Ilaria Leone
88,Marta Riccardi
89,Federica Piras
90,Mateo Álvarez
91,Benjamín Romero
92,Thiago Peralta
93,Lautaro Domínguez
94,Joaquín Sosa
95,Francisco Giménez
96,Nicolás Pereyra
97,Santiago Villalba
98,Facundo Barreto
99,Tomás Ferreyra
100,Martina Benítez
101,Jazmín Cabrera
102,Abril Figueroa
103,Camila Acosta
104,Mía Maidana
105,Valentina Bustos
106,Elena Carrizo
107,Sofía Godoy
108,Luciana Videla
109,Delfina Mansilla
