id_operacion,id_producto
1,41
1,74
1,80
1,91
1,105
1,127
1,169
1,172
1,174
1,237
1,241
1,244
1,261
2,107
2,110
2,172
2,174
2,232
2,241
3,8
3,9
3,28
3,72
3,86
3,104
3,114
3,118
3,127
3,171
3,172
3,174
3,209
3,218
3,237
3,243
3,264
4,24
4,33
4,44
4,65
4,95
4,103
4,169
4,172
4,174
4,196
4,214
4,221
4,231
4,240
4,245
4,247
4,264
4,270
4,277
4,279
5,47
5,62
5,63
5,76
5,164
5,190
5,204
5,253
6,38
6,40
6,76
6,84
6,92
6,164
6,166
6,175
6,182
6,212
6,234
6,238
6,250
7,2
7,57
7,89
7,95
7,121
7,164
7,187
7,208
7,222
7,260
8,34
8,99
8,131
8,164
8,166
8,187
8,198
8,209
8,212
8,216
8,217
8,248
9,3
9,22
9,112
9,158
9,175
9,185
9,207
9,226
9,241
10,42
10,60
10,73
10,81
10,87
10,100
10,101
10,111
10,128
10,154
10,158
10,160
10,187
10,192
10,193
10,207
10,224
10,252
10,263
11,8
11,26
11,35
11,76
11,81
11,97
11,101
11,109
11,112
11,122
11,137
11,142
11,148
11,167
11,220
11,256
11,267
12,5
12,31
12,35
12,76
12,112
12,115
12,160
12,168
12,177
12,205
12,232
12,242
12,272
12,277
13,27
13,35
13,45
13,76
13,112
13,156
13,177
13,204
13,209
13,263
13,266
13,274
14,76
14,112
15,7
15,19
15,27
15,53
15,56
15,59
15,72
15,146
15,157
15,159
15,166
15,200
15,238
16,7
16,25
16,46
16,68
16,104
16,105
16,138
16,178
16,179
16,192
16,194
16,203
16,218
16,238
16,269
17,7
17,22
17,65
17,99
17,212
17,238
18,13
18,36
18,61
18,75
18,102
18,254
18,269
19,13
19,43
19,68
19,71
19,73
19,75
19,89
19,91
19,97
19,139
19,193
19,207
19,215
19,225
19,233
19,249
19,258
19,264
19,269
19,273
20,80
20,108
20,124
20,128
20,144
20,145
20,208
20,214
20,220
20,247
20,253
20,257
21,128
21,144
22,54
22,128
22,144
22,201
22,214
22,233
22,257
23,2
23,26
23,99
23,121
23,130
23,136
23,156
23,170
23,171
23,195
23,217
23,219
23,225
23,229
23,246
23,247
23,262
23,274
24,2
24,14
24,17
24,23
24,32
24,61
24,121
24,139
24,161
24,170
24,233
24,246
25,2
25,4
25,13
25,26
25,42
25,43
25,72
25,110
25,122
25,145
25,168
25,170
25,171
25,185
25,190
25,196
25,245
25,254
26,2
26,76
26,97
26,115
26,117
26,170
26,179
26,256
27,3
27,5
27,26
27,35
27,39
27,56
27,100
27,145
27,161
27,201
27,205
27,210
27,217
27,227
27,247
27,264
27,272
28,35
28,39
28,40
28,56
28,59
28,81
28,109
28,110
28,132
28,156
28,157
28,204
28,212
28,231
28,232
28,241
28,278
29,35
29,56
29,112
29,277
30,24
30,35
30,40
30,56
30,81
30,102
30,122
30,133
30,199
30,236
30,252
30,276
31,3
31,15
31,18
31,30
31,31
31,38
31,73
31,158
31,212
31,216
31,234
31,235
31,258
31,273
32,7
32,48
32,65
32,114
32,195
32,234
33,3
33,7
33,82
33,83
33,100
33,108
33,115
33,121
33,135
33,143
33,160
33,163
33,165
33,172
33,173
33,177
33,182
33,196
33,234
33,272
34,12
34,71
34,77
34,78
34,87
34,88
34,107
34,116
34,136
34,176
34,177
34,185
34,223
34,229
34,231
34,234
34,237
34,266
34,279
35,12
35,46
35,49
35,67
35,79
35,86
35,89
35,94
35,107
35,121
35,123
35,134
35,138
35,180
35,183
35,192
35,200
35,230
35,244
35,268
36,18
36,89
36,176
36,201
36,227
37,13
37,29
37,58
37,69
37,108
37,128
37,133
37,137
37,144
37,154
37,186
37,210
37,263
37,277
38,34
38,63
38,103
38,137
38,186
39,1
39,17
39,33
39,110
39,192
39,193
39,226
40,33
40,45
40,61
40,62
40,79
40,110
40,192
40,225
40,241
40,266
41,23
41,72
41,149
41,241
41,264
42,9
42,22
42,23
42,40
42,67
42,72
42,77
42,99
42,112
42,147
42,150
42,173
42,177
42,180
42,199
42,227
42,234
42,241
42,244
42,262
43,23
43,53
43,65
43,72
43,86
43,95
43,168
43,170
43,227
43,241
43,244
43,255
44,8
44,15
44,17
44,47
44,54
44,105
44,123
44,229
44,250
45,17
45,37
45,54
45,99
45,101
45,115
45,120
45,126
45,131
45,162
45,164
45,166
45,183
45,202
45,203
45,229
45,251
45,255
45,264
45,273
46,17
46,29
46,41
46,47
46,54
46,74
46,75
46,102
46,105
46,139
46,170
46,210
46,220
46,229
46,230
46,257
46,265
46,272
46,277
46,278
47,23
47,80
47,91
47,147
47,189
47,193
47,198
48,19
48,25
48,53
48,63
48,80
48,147
48,192
48,248
49,6
49,15
49,30
49,31
49,70
49,80
49,83
49,88
49,90
49,114
49,116
49,119
49,158
49,177
49,221
49,240
49,241
49,246
49,280
50,78
50,80
50,82
50,170
50,175
50,205
51,15
51,113
51,164
52,46
52,91
52,102
52,105
52,110
52,155
52,158
52,164
52,204
52,209
52,222
52,227
52,243
52,259
52,262
52,270
52,279
53,2
53,15
53,17
53,47
53,51
53,57
53,70
53,96
53,100
53,113
53,133
53,136
53,150
53,207
53,224
53,243
53,245
53,254
53,269
53,277
54,51
54,57
54,100
54,105
54,116
54,185
54,202
54,222
54,226
54,230
54,231
54,234
54,239
54,268
54,273
54,277
55,51
55,57
55,277
56,34
56,51
56,57
56,75
56,134
56,177
56,235
56,261
56,277
57,12
57,46
57,76
57,79
57,82
57,88
57,97
57,110
57,139
57,160
57,167
57,184
57,189
57,203
57,204
57,212
57,234
57,240
57,269
57,270
58,12
58,18
58,71
58,104
58,167
58,270
59,12
59,167
59,270
60,12
60,35
60,54
60,68
60,89
60,100
60,167
60,194
60,217
60,218
60,241
60,270
61,21
61,34
61,56
61,65
61,75
61,78
61,118
61,125
61,148
61,149
61,159
61,178
61,184
61,194
61,195
61,225
61,252
61,256
62,27
62,50
62,57
62,91
62,98
62,128
62,150
62,156
62,167
62,178
62,200
62,210
62,216
62,242
62,259
62,272
63,29
63,50
63,97
63,98
63,178
63,180
63,240
63,276
64,16
64,88
64,93
64,99
64,105
64,136
64,169
64,178
64,249
65,17
65,24
65,28
65,108
65,114
65,129
65,134
65,140
65,142
65,146
65,157
65,177
65,247
65,280
66,12
66,22
66,70
66,90
66,114
66,116
66,129
67,114
67,129
67,131
67,230
68,14
68,29
68,37
68,60
68,71
68,114
68,129
68,135
68,153
68,156
68,224
68,227
68,228
69,41
69,48
69,157
69,198
69,258
69,271
70,18
70,41
70,49
70,96
70,134
70,138
70,144
70,153
70,159
70,163
70,167
70,209
70,211
70,258
70,271
70,272
70,274
71,8
71,46
71,91
71,92
71,101
71,118
71,138
71,147
71,201
71,216
71,219
71,234
71,258
71,259
72,19
72,22
72,27
72,35
72,86
72,89
72,91
72,98
72,138
72,148
72,154
72,175
72,186
72,193
72,201
72,215
72,230
72,258
72,260
72,277
73,51
73,91
73,92
73,93
73,124
73,138
73,146
73,157
73,189
73,212
73,215
73,222
73,248
73,258
73,267
73,271
73,276
73,278
74,22
74,38
74,76
74,91
74,106
74,116
74,138
74,146
74,162
74,179
74,256
74,258
74,263
74,280
75,14
75,26
75,79
75,86
75,102
75,103
75,104
75,112
75,131
75,137
75,145
75,151
75,161
75,179
75,202
75,209
75,227
75,231
75,252
75,257
76,46
76,100
76,144
76,151
76,175
76,194
76,218
76,235
76,254
76,256
76,265
77,58
77,93
77,136
77,151
77,204
77,217
78,51
78,62
78,115
78,148
78,151
78,157
78,181
78,192
78,215
79,3
79,62
79,91
79,138
79,143
79,147
79,169
79,176
79,206
79,233
79,242
80,3
80,19
80,36
80,88
80,94
80,131
80,140
80,142
80,143
80,150
80,153
80,172
80,214
80,235
80,241
80,243
80,251
80,252
80,261
80,266
81,3
81,61
81,66
81,143
81,174
81,199
81,203
81,215
81,217
81,258
82,3
82,37
82,85
82,99
82,100
82,101
82,129
82,143
82,153
82,159
82,160
82,165
82,191
82,203
82,207
82,219
82,229
82,263
82,269
83,115
83,208
84,14
84,21
84,58
84,115
84,163
84,166
84,208
84,237
84,247
85,21
85,39
85,49
85,112
85,115
85,174
85,185
85,207
85,208
85,226
85,238
85,246
85,259
85,267
85,268
86,8
86,18
86,26
86,56
86,83
86,84
86,103
86,137
86,165
86,208
86,218
86,270
86,271
86,280
87,18
87,23
87,45
87,72
87,140
87,146
87,174
87,177
87,180
87,208
87,215
87,218
87,223
87,225
87,241
87,247
87,261
88,15
88,59
88,88
88,112
88,127
88,135
88,185
88,205
88,208
88,218
88,238
88,259
88,280
89,51
89,59
89,106
89,147
89,194
90,51
90,92
90,147
90,204
90,209
90,230
90,252
90,257
91,9
91,12
91,24
91,51
91,73
91,143
91,147
91,163
91,183
91,191
91,194
91,225
92,25
92,51
92,78
92,117
92,147
92,206
92,211
92,230
92,246
92,255
92,264
92,277
93,5
93,9
93,31
93,43
93,82
93,144
93,150
93,195
93,243
94,5
94,14
94,21
94,40
94,43
94,45
94,54
94,84
94,85
94,96
94,98
94,128
94,129
94,134
94,174
94,195
94,205
94,233
94,254
94,260
95,15
95,17
95,27
95,65
95,67
95,69
95,80
95,83
95,94
95,118
95,125
95,128
95,143
95,212
95,216
95,242
95,253
95,270
96,2
96,37
96,41
96,54
96,79
96,122
96,125
96,135
96,152
96,175
96,183
96,188
96,253
96,254
97,18
97,25
97,82
97,85
97,100
97,112
97,117
97,123
97,149
97,199
97,231
97,258
97,271
98,117
98,120
99,29
99,82
99,88
99,89
99,92
99,94
99,99
99,111
99,117
99,151
99,200
99,223
99,225
99,263
99,279
100,3
100,10
100,17
100,21
100,34
100,53
100,78
100,135
100,154
100,234
100,240
100,254
100,266
100,274
100,277
100,280
101,112
101,240
101,254
101,274
102,18
102,121
102,124
102,188
102,211
102,240
102,254
102,274
103,46
103,48
103,50
103,66
103,80
103,95
103,151
103,240
103,245
103,254
103,274
104,11
104,66
104,81
104,150
104,163
104,167
104,246
105,11
105,118
105,153
105,155
105,167
105,180
105,222
105,232
105,241
105,265
105,279
106,14
106,48
106,58
106,103
106,115
106,142
106,172
106,177
106,202
106,230
106,255
106,258
106,269
106,279
107,79
107,255
107,279
108,53
108,54
108,74
108,90
108,130
108,191
108,193
108,215
108,259
108,263
109,4
109,32
109,54
109,77
109,84
109,86
109,95
109,100
109,146
109,159
109,179
109,188
109,191
109,196
109,212
109,226
110,46
110,82
110,83
110,86
110,88
110,96
110,103
110,107
110,109
110,180
110,199
110,212
110,214
110,218
110,263
110,268
110,278
111,86
111,103
111,209
111,214
111,222
112,7
112,25
112,86
112,103
112,116
112,198
112,214
112,215
112,223
112,266
112,272
113,45
113,65
113,85
113,86
113,95
113,100
113,103
113,148
113,161
113,163
113,174
113,180
113,181
113,206
113,213
113,214
113,230
113,262
113,263
114,32
114,56
115,32
115,74
115,137
115,166
115,238
116,32
116,41
116,71
116,202
117,32
117,82
118,4
118,10
118,29
118,35
118,83
118,104
118,126
118,129
118,140
118,165
118,184
118,209
118,212
118,220
118,222
118,236
118,260
118,278
119,72
119,114
119,156
119,194
119,260
120,253
120,260
121,1
121,260
122,6
122,37
122,46
122,51
122,57
122,78
122,96
122,107
122,127
122,138
122,146
122,151
122,179
122,211
122,229
122,230
122,242
122,259
123,43
123,64
123,80
123,86
123,145
123,149
123,153
123,174
123,179
123,181
123,184
123,188
123,233
123,250
123,251
123,258
124,5
124,38
124,108
124,175
124,179
124,183
124,190
124,276
125,11
125,14
125,25
125,59
125,84
125,85
125,102
125,132
125,151
125,179
125,181
125,245
125,258
125,268
126,17
126,19
126,48
126,89
126,102
126,108
126,153
126,178
126,182
126,190
126,201
126,217
126,244
126,258
126,266
126,275
127,27
127,89
127,119
127,121
127,132
127,153
127,208
127,258
128,10
128,89
128,115
128,134
128,153
128,248
128,258
129,4
129,34
129,53
129,89
129,112
129,117
129,123
129,125
129,138
129,141
129,150
129,153
129,161
129,171
129,186
129,197
129,222
129,229
129,258
129,278
130,63
130,68
130,176
130,177
130,196
130,203
130,260
131,20
131,24
131,37
131,52
131,56
131,63
131,82
131,102
131,145
131,147
131,171
131,177
131,181
131,252
131,260
131,273
131,277
132,63
132,73
132,177
132,181
132,260
132,280
133,1
133,18
133,36
133,44
133,45
133,54
133,66
133,68
133,91
133,115
133,118
133,123
133,140
133,163
133,193
133,201
133,208
133,245
133,253
133,277
134,16
134,28
134,32
134,49
134,51
134,63
134,85
134,121
134,126
134,141
134,157
134,163
134,188
134,217
134,242
134,262
134,263
134,266
134,272
134,277
135,47
135,211
136,46
136,47
136,79
136,115
136,124
136,136
136,163
136,171
136,211
137,14
137,17
137,26
137,46
137,47
137,63
137,78
137,88
137,112
137,150
137,162
137,180
137,211
137,232
137,241
137,242
137,255
137,271
138,22
138,46
138,47
138,71
138,74
138,126
138,169
138,206
138,211
138,225
138,236
139,9
139,27
139,45
139,49
139,50
139,55
139,68
139,84
139,105
139,130
139,204
139,217
139,225
139,276
140,35
140,36
140,45
140,93
140,102
140,134
140,142
140,144
140,161
140,200
140,214
141,3
141,34
141,61
141,69
141,88
141,143
141,147
141,151
141,155
141,157
141,159
141,168
141,229
141,278
142,10
142,25
142,34
142,74
142,97
142,113
142,134
142,140
142,147
142,155
142,175
142,184
142,191
142,202
142,237
142,261
142,263
143,5
143,8
143,17
143,34
143,37
143,48
143,72
143,85
143,113
143,118
143,147
143,149
143,171
143,172
143,179
143,184
143,205
143,206
143,234
143,276
144,1
144,8
144,34
144,58
144,62
144,102
144,147
144,157
144,159
144,172
144,174
144,175
144,176
144,179
144,187
144,222
144,260
145,93
145,108
145,112
145,117
145,144
145,171
146,29
146,82
146,112
146,144
146,162
146,171
146,184
146,248
147,6
147,24
147,96
147,99
147,105
147,151
147,153
147,179
147,197
147,264
147,269
148,96
148,105
148,124
148,153
148,154
148,163
148,179
148,197
148,214
148,237
149,8
149,27
149,29
149,57
149,61
149,65
149,66
149,76
149,116
149,129
149,168
149,206
149,245
149,260
150,25
150,27
150,35
150,49
150,51
150,53
150,57
150,67
150,121
150,132
150,155
150,174
150,176
150,184
150,213
150,235
150,242
150,270
151,27
151,40
151,57
151,73
151,80
151,134
151,141
151,143
151,146
151,148
151,157
151,158
151,164
151,194
151,198
151,210
151,220
151,235
151,256
151,270
152,16
152,19
152,27
152,57
152,119
152,135
152,152
152,226
152,252
152,263
153,8
153,64
153,117
153,141
153,157
153,175
153,210
153,242
153,244
153,280
154,43
154,52
154,72
154,146
154,164
154,168
154,207
154,244
154,249
154,263
155,12
155,22
155,28
155,52
155,79
155,93
155,99
155,102
155,114
155,163
155,191
155,228
155,244
155,252
155,253
155,277
156,21
156,69
156,82
156,107
156,161
156,164
156,165
156,187
156,205
156,208
156,210
156,230
156,242
156,252
157,82
157,205
158,44
158,82
158,205
159,188
159,225
159,245
160,18
160,44
160,82
160,117
160,154
160,170
160,188
160,215
160,225
160,238
160,245
160,255
160,278
161,33
161,47
161,62
161,65
161,79
161,89
161,124
161,133
161,147
161,170
161,188
161,193
161,225
161,245
161,248
162,78
162,87
162,94
162,102
162,130
162,153
162,171
162,175
162,177
162,178
162,192
162,247
162,263
162,267
162,273
163,8
163,78
163,94
163,158
163,247
164,78
164,94
164,147
164,189
164,226
165,7
165,49
165,65
165,74
165,151
165,208
165,219
165,249
165,276
166,22
166,65
166,186
166,225
166,232
166,234
166,246
166,249
167,3
167,17
167,65
167,77
167,84
167,86
167,92
167,111
167,115
167,156
167,163
167,184
167,203
167,212
167,236
167,246
167,249
168,15
168,65
168,67
168,155
168,181
168,186
168,191
168,209
168,249
169,19
169,68
169,77
169,80
169,85
169,97
169,150
169,180
169,235
169,268
169,269
170,16
170,31
170,55
170,72
170,80
170,91
170,100
170,117
170,150
170,167
170,208
170,215
170,216
170,236
170,240
170,245
171,67
171,90
171,101
171,179
171,208
171,248
171,255
171,276
172,12
172,34
172,83
172,90
172,101
172,116
172,176
172,179
172,235
172,251
172,264
172,267
173,90
173,101
173,179
174,11
174,56
174,90
174,96
174,103
174,178
174,210
174,221
175,10
175,11
175,50
175,55
175,65
175,90
175,91
175,157
175,188
175,199
175,203
175,210
175,229
176,165
176,209
177,11
177,52
177,165
177,169
177,227
178,3
178,51
178,94
178,165
179,39
179,64
179,82
179,98
179,105
179,148
179,153
179,155
179,170
179,185
179,199
179,215
179,225
179,261
180,5
180,23
180,39
180,42
180,59
180,66
180,82
180,98
180,99
180,133
180,137
180,171
180,185
180,199
180,215
180,249
180,256
181,2
181,12
181,55
181,108
181,133
181,212
181,216
181,235
181,238
181,258
182,30
182,41
182,42
182,53
182,56
182,66
182,105
182,124
182,131
182,133
182,181
182,216
182,227
182,235
183,133
183,194
183,216
183,235
183,246
183,248
184,216
184,235
185,64
185,76
185,89
185,197
185,199
185,256
185,263
186,64
186,123
186,144
186,183
186,256
186,263
186,274
187,19
187,33
187,44
187,46
187,59
187,64
187,77
187,92
187,99
187,110
187,116
187,129
187,149
187,155
187,170
187,223
187,256
187,263
187,269
187,277
188,20
188,91
188,204
189,7
189,20
189,35
189,48
189,55
189,91
189,112
189,127
189,202
189,204
189,206
189,208
189,274
190,20
190,61
190,78
190,91
190,111
190,125
190,149
190,155
190,156
190,180
190,185
190,194
190,198
190,204
190,220
190,231
190,251
190,261
190,270
191,2
191,8
191,17
191,20
191,21
191,35
191,91
191,104
191,111
191,115
191,119
191,192
191,196
191,204
191,224
191,233
192,4
192,24
192,41
192,99
192,110
192,121
192,144
192,159
192,161
192,165
192,166
192,171
192,193
192,234
192,238
192,251
192,259
192,264
192,279
193,87
193,112
193,171
194,3
194,9
194,28
194,32
194,47
194,50
194,53
194,83
194,95
194,104
194,156
194,165
194,174
194,229
194,236
194,248
195,37
195,57
195,58
195,73
195,104
195,114
195,156
195,175
195,203
195,230
195,259
196,104
196,148
196,156
196,236
197,9
197,25
197,80
197,100
197,102
197,119
197,136
197,142
197,255
198,3
198,4
198,41
198,47
198,88
198,93
198,142
198,153
198,155
198,186
198,204
198,249
198,262
199,142
199,163
199,244
200,31
200,72
200,85
200,93
200,96
200,142
200,195
200,223
200,230
201,132
201,140
201,152
202,63
202,73
202,87
202,106
202,112
202,132
202,140
202,152
202,190
202,199
202,209
202,230
202,231
202,262
202,266
203,20
203,27
203,32
203,56
203,136
203,147
203,150
203,157
203,225
203,261
203,278
204,55
204,56
204,75
204,108
204,126
204,141
204,147
204,167
204,196
204,197
204,205
204,211
204,225
204,239
204,277
204,279
205,56
205,101
205,125
205,150
205,155
205,217
205,225
206,23
206,65
206,75
206,93
206,104
206,107
206,120
206,121
206,150
206,154
206,164
206,181
206,225
206,253
206,267
207,60
207,93
207,120
208,30
208,37
208,40
208,41
208,70
208,71
208,79
208,81
208,105
208,136
208,152
208,163
208,183
208,205
208,209
208,212
208,249
209,105
209,120
209,183
209,214
209,249
210,12
210,38
210,46
210,52
210,58
210,91
210,105
210,106
210,118
210,172
210,187
210,188
210,229
210,232
210,234
210,249
210,254
210,265
211,18
211,27
211,92
211,102
211,105
211,134
211,145
211,159
212,60
212,63
212,65
212,70
212,83
212,92
212,106
212,159
212,197
212,211
212,212
212,216
212,225
212,246
213,15
213,71
213,80
213,92
213,132
213,159
213,241
214,32
214,48
214,53
214,56
214,59
214,75
214,79
214,90
214,125
214,133
214,134
214,143
214,154
214,157
214,158
214,159
214,197
214,224
214,243
215,32
215,47
215,64
215,90
215,98
215,127
215,133
215,160
215,190
215,197
215,225
215,246
215,252
215,270
215,280
216,26
216,32
216,49
216,66
216,71
216,99
216,106
216,112
216,132
216,133
216,135
216,167
216,189
216,197
216,204
216,208
216,238
216,247
216,253
217,92
217,173
217,188
217,230
217,269
218,2
218,3
218,33
218,60
218,72
218,74
218,92
218,107
218,115
218,136
218,165
218,169
218,191
218,205
218,206
218,224
218,230
218,269
218,273
218,275
219,90
219,92
219,167
219,217
219,230
219,269
220,27
220,61
220,81
220,82
220,92
220,123
220,176
220,223
220,230
220,269
221,92
221,98
221,106
221,174
221,189
221,199
221,220
221,237
221,240
221,268
221,273
222,2
222,29
222,71
222,92
222,219
222,245
223,76
223,92
223,131
223,141
223,168
223,255
223,273
224,5
224,19
224,39
224,40
224,64
224,67
224,69
224,83
224,97
224,100
224,147
224,152
224,208
224,209
224,211
224,221
224,269
225,10
225,109
225,145
225,147
225,148
225,219
225,240
225,261
226,68
226,147
227,46
227,63
227,76
227,79
227,90
227,103
227,112
227,139
227,147
227,168
228,145
228,247
229,48
229,80
229,82
229,84
229,94
229,104
229,136
229,145
229,187
229,190
229,194
229,230
229,234
229,235
229,246
229,247
229,272
230,60
230,62
230,95
230,126
230,136
230,183
230,187
230,200
230,229
230,243
231,14
231,50
231,95
231,136
231,219
232,6
232,8
232,10
232,81
232,95
232,98
232,111
232,136
232,142
232,154
232,168
232,189
232,206
232,224
232,243
232,253
232,260
232,265
233,9
233,39
233,49
233,95
233,106
233,136
233,174
233,197
233,229
233,244
233,278
234,15
234,25
234,36
234,39
234,63
234,64
234,97
234,106
234,107
234,122
234,210
234,211
234,213
234,222
234,256
234,276
235,53
235,71
235,120
235,133
235,153
235,209
235,222
235,262
235,279
236,46
236,49
236,103
236,122
236,145
236,151
236,165
236,174
236,176
236,189
236,192
236,205
236,209
236,218
236,222
236,244
237,6
237,16
237,34
237,35
237,60
237,91
237,102
237,103
237,104
237,107
237,117
237,124
237,128
237,189
237,227
237,229
238,6
238,52
238,59
238,89
238,90
238,91
238,102
238,143
238,147
238,151
238,182
238,221
238,229
238,239
238,246
239,6
239,99
239,102
239,196
239,215
239,229
239,239
239,240
239,249
239,267
240,3
240,13
240,27
240,53
240,55
240,87
240,99
240,129
240,146
240,157
240,260
241,13
241,53
241,122
241,181
242,1
242,12
242,13
242,25
242,39
242,53
242,69
242,92
242,123
242,150
242,159
242,181
242,230
242,234
243,7
243,13
243,17
243,52
243,66
243,106
243,111
243,112
243,167
243,175
243,195
243,206
243,219
243,223
243,230
243,231
243,238
243,272
244,6
244,17
244,26
244,48
244,59
244,65
244,81
244,138
244,143
244,170
244,182
244,183
244,186
244,188
244,193
244,202
244,211
244,224
244,229
244,275
245,7
245,17
245,18
245,23
245,34
245,37
245,43
245,52
245,154
245,166
245,176
246,17
246,21
246,24
246,35
246,57
246,64
246,72
246,110
246,156
246,160
246,176
246,189
246,215
246,224
247,45
247,125
247,230
248,10
248,45
248,80
248,125
248,151
248,182
248,230
248,269
248,273
249,29
249,32
249,45
249,61
249,125
249,159
249,167
249,169
249,176
249,180
249,191
249,192
249,211
249,230
249,240
249,241
249,244
249,278
250,142
250,177
250,217
250,276
251,12
251,19
251,41
251,50
251,117
251,156
251,169
251,177
251,217
251,260
252,14
252,27
252,31
252,50
252,87
252,100
252,119
252,129
252,149
252,215
252,219
252,262
252,274
253,18
253,70
253,71
253,159
253,205
253,206
253,274
254,18
254,132
254,194
254,259
254,277
255,13
255,14
255,22
255,37
255,44
255,61
255,65
255,72
255,73
255,109
255,112
255,132
255,164
255,194
255,210
255,276
256,25
256,86
256,91
256,103
256,132
256,134
256,135
256,151
256,156
256,159
256,177
256,188
256,191
256,214
256,247
257,44
257,94
257,112
257,118
257,129
257,132
257,147
257,179
257,228
257,256
257,270
258,60
258,69
258,105
258,148
258,248
259,18
259,30
259,69
259,280
260,32
260,69
260,109
260,113
260,152
260,154
260,185
260,200
260,265
261,69
261,151
262,5
262,7
262,9
262,48
262,57
262,73
262,81
262,87
262,117
262,180
262,189
262,214
262,227
262,267
263,16
263,36
263,41
263,42
263,49
263,57
263,71
263,83
263,89
263,92
263,112
263,130
263,152
263,161
263,206
263,255
263,271
263,276
264,57
264,152
264,224
265,2
265,3
265,5
265,23
265,55
265,112
265,139
265,170
265,178
265,181
265,183
265,208
265,221
265,222
265,235
265,250
265,270
266,55
266,98
266,112
266,208
266,241
266,252
267,55
267,112
267,208
268,34
268,45
268,55
268,62
268,112
268,161
268,169
268,208
268,257
268,272
269,11
269,20
269,21
269,30
269,75
269,83
269,125
269,182
269,187
269,197
269,201
269,204
269,224
269,226
269,235
269,261
269,263
269,271
269,277
269,278
270,13
270,42
270,50
270,60
270,77
270,83
270,85
270,87
270,115
270,127
270,148
270,197
270,212
270,277
271,83
271,197
272,9
272,21
272,55
272,126
272,137
272,173
272,240
273,17
273,27
273,37
273,67
273,69
273,70
273,90
273,96
273,103
273,126
273,137
273,160
273,216
273,261
273,265
273,266
273,280
274,24
274,180
274,236
275,1
275,11
275,17
275,18
275,24
275,40
275,54
275,117
275,129
275,166
275,180
275,207
275,223
275,234
275,256
276,2
276,20
276,23
276,24
276,67
276,70
276,78
276,93
276,94
276,101
276,111
276,126
276,158
276,180
276,215
276,224
276,238
276,270
277,5
277,19
277,24
277,75
277,116
277,169
277,175
277,178
277,180
277,216
278,11
278,12
278,62
278,188
278,191
278,233
279,16
279,17
279,31
279,32
279,61
279,88
279,109
279,149
279,173
279,191
279,196
279,199
279,203
279,232
279,243
280,9
280,37
280,62
280,106
280,111
280,151
280,195
280,211
280,216
280,220
280,234
281,48
281,54
281,69
281,90
281,111
281,200
281,209
281,216
281,220
282,30
282,98
282,107
282,108
282,111
282,145
282,200
282,216
282,220
283,59
283,64
283,72
283,100
283,138
283,142
283,243
283,279
284,5
284,59
284,62
284,142
284,175
284,221
285,11
285,28
285,41
285,49
285,59
285,74
285,85
285,142
285,236
285,251
285,280
286,8
286,14
286,47
286,59
286,74
286,123
286,142
286,171
286,178
286,201
286,216
287,24
287,34
287,37
287,45
287,95
287,99
287,117
287,126
287,131
287,135
287,150
287,184
287,237
287,243
287,261
287,269
288,42
288,52
288,60
288,75
288,83
288,94
288,95
288,150
288,168
288,174
288,196
288,253
288,255
288,269
289,42
289,43
289,85
289,95
289,112
289,164
289,169
289,177
289,232
289,235
289,275
289,277
290,10
290,21
290,44
290,50
290,65
290,69
290,82
290,95
290,107
290,112
290,166
290,188
290,193
290,221
290,225
290,249
291,20
291,169
291,256
292,9
292,13
292,45
292,50
292,84
292,97
292,150
292,169
292,190
293,53
293,133
293,161
293,182
293,185
294,91
294,129
294,133
294,134
294,152
294,168
294,178
294,182
294,184
294,202
294,222
294,255
294,274
295,116
295,133
295,173
295,182
295,201
295,204
295,252
296,4
296,67
296,101
296,133
296,136
296,160
296,182
297,69
297,120
297,123
297,152
298,10
298,123
298,157
298,189
299,12
299,119
299,123
299,143
299,158
299,162
299,164
299,169
299,191
299,207
299,228
299,233
300,7
300,37
300,47
300,123
300,138
301,2
301,8
301,67
301,80
301,90
301,120
301,135
301,158
301,183
301,186
301,230
301,248
301,257
301,280
302,80
302,106
302,172
302,242
302,263
303,46
303,64
303,80
303,87
303,107
303,126
303,138
303,139
303,162
303,171
303,172
303,187
303,227
303,247
303,258
303,261
303,267
303,279
304,24
304,50
304,73
304,80
304,87
304,123
304,134
304,144
304,154
304,165
304,171
304,176
304,193
304,194
304,201
304,219
304,247
304,251
305,157
305,246
306,19
306,23
306,42
306,69
306,77
306,111
306,136
306,148
306,157
306,168
306,171
306,184
306,185
306,197
306,211
306,220
306,222
306,246
306,268
306,280
307,5
307,9
307,24
307,42
307,48
307,77
307,92
307,111
307,141
307,157
307,158
307,192
307,198
307,207
307,246
307,254
307,261
307,262
307,266
308,157
308,246
309,9
309,41
309,43
309,52
309,60
309,62
309,68
309,69
309,70
309,81
309,138
309,175
309,212
309,214
309,238
309,243
309,263
309,269
310,16
310,39
310,42
310,43
310,54
310,89
310,100
310,106
310,118
310,132
310,152
310,156
310,192
310,193
310,233
310,243
310,263
310,273
310,274
310,278
311,3
311,7
311,13
311,43
311,80
311,158
311,186
311,236
311,243
311,274
312,8
312,76
312,120
313,8
313,14
313,76
313,83
313,97
313,116
313,119
313,120
313,163
313,192
313,239
313,243
313,252
313,265
314,7
314,27
314,79
314,104
314,170
314,268
315,27
315,104
315,170
316,26
316,38
316,43
316,46
316,110
316,123
316,130
316,151
316,154
316,189
316,211
316,214
316,233
316,234
317,43
317,44
317,115
317,147
317,211
317,234
318,21
318,43
318,45
318,62
318,91
318,92
318,103
318,114
318,146
318,171
318,177
318,190
318,195
318,211
318,234
318,278
319,10
319,58
319,100
319,164
319,264
320,47
320,59
320,95
320,103
320,164
320,178
320,187
320,195
320,206
320,250
320,267
321,123
321,158
321,164
321,196
321,198
321,268
322,8
322,12
322,54
322,166
322,172
322,179
322,212
322,264
323,8
323,44
323,45
323,50
323,60
323,83
323,92
323,116
323,132
323,158
323,169
323,172
323,207
323,255
323,264
324,8
324,50
324,83
324,172
324,264
325,8
325,11
325,36
325,56
325,104
325,112
325,172
325,264
326,12
326,50
326,91
326,96
326,125
326,235
326,239
326,243
326,246
326,248
326,270
327,10
327,36
327,73
327,91
327,102
327,169
327,180
327,186
327,191
327,248
327,257
327,270
327,275
328,43
328,129
328,203
328,231
329,5
329,16
329,21
329,43
329,50
329,83
329,129
329,178
329,183
329,201
329,205
329,231
329,263
329,280
330,18
330,32
330,43
330,129
330,136
330,231
330,274
331,28
331,108
331,125
331,135
331,147
331,163
331,185
331,226
331,234
331,278
332,18
332,28
332,86
332,108
332,125
332,229
333,28
333,41
333,53
333,108
333,125
333,130
333,172
333,204
333,251
333,261
334,27
334,32
334,55
334,79
334,85
334,95
334,98
334,127
334,132
334,135
334,137
334,143
334,161
334,182
334,213
334,215
334,225
334,263
334,268
335,55
335,173
335,225
336,8
336,17
336,34
336,36
336,48
336,55
336,62
336,90
336,137
336,204
336,225
336,240
337,2
337,28
337,41
337,73
337,76
337,80
337,85
337,86
337,87
337,122
337,165
337,183
337,195
337,196
337,222
337,237
338,28
338,51
338,61
338,205
338,269
339,68
339,70
339,73
339,114
339,156
339,165
339,235
339,247
340,6
340,43
340,51
340,52
340,68
340,76
340,111
340,114
340,139
340,163
340,176
340,180
340,183
340,197
340,217
340,234
340,250
340,262
341,1
341,31
341,37
341,52
341,72
341,117
341,155
341,168
341,271
342,63
342,119
342,168
342,194
342,209
343,1
343,5
343,17
343,72
343,73
343,81
343,91
343,107
343,135
343,146
343,154
343,168
343,192
343,210
343,225
343,227
343,228
343,242
343,261
343,264
344,3
344,62
344,67
344,72
344,99
344,119
344,164
344,203
344,205
344,243
344,248
345,53
345,63
345,106
345,111
345,119
345,120
345,164
345,196
345,203
345,208
345,220
346,5
346,52
346,56
346,83
346,109
346,130
346,139
346,146
346,152
346,153
346,169
346,192
346,217
346,218
346,235
346,268
346,272
346,279
347,15
347,20
347,24
347,32
347,40
347,47
347,57
347,119
347,122
347,123
347,127
347,139
347,148
347,153
347,170
347,187
347,218
348,5
348,153
349,153
349,167
349,170
349,193
349,209
349,212
349,218
349,223
349,269
349,273
350,14
350,24
350,33
350,39
350,43
350,53
350,61
350,66
350,83
350,98
350,102
350,104
350,109
350,110
350,130
350,152
350,227
350,251
350,255
351,22
351,76
351,83
351,127
351,138
351,152
351,177
351,224
351,230
351,255
352,41
352,57
352,60
352,62
352,69
352,82
352,182
352,234
353,19
353,53
353,60
353,81
353,82
353,137
353,148
354,30
354,45
354,97
354,196
354,203
354,246
354,258
354,274
355,18
355,32
355,45
355,97
355,176
355,193
355,196
356,22
356,28
356,43
356,44
356,50
356,137
356,142
356,198
356,238
356,264
357,57
357,108
357,155
357,186
357,198
357,205
357,255
358,45
358,70
358,78
358,84
358,128
358,198
358,250
359,53
359,74
359,94
359,107
359,162
359,164
359,219
359,242
359,244
359,246
360,6
360,14
360,18
360,34
360,50
360,89
360,102
360,117
360,123
360,127
360,140
360,175
360,193
360,225
360,238
360,244
360,246
360,278
360,280
361,9
361,44
361,45
361,80
361,88
361,108
361,111
361,129
361,158
361,165
361,225
361,226
361,228
361,244
361,248
362,1
362,7
362,47
362,61
362,76
362,79
362,137
362,144
362,163
362,180
362,227
362,236
362,237
362,243
362,244
362,249
362,260
362,274
363,30
363,32
363,57
363,68
363,102
363,117
363,132
363,150
363,160
363,164
363,177
363,187
363,225
363,226
363,240
363,244
363,249
364,32
364,73
364,76
364,175
364,177
364,195
364,217
364,244
364,246
365,15
365,28
365,32
365,104
365,107
365,143
365,149
365,168
365,177
365,244
365,265
366,32
366,61
366,67
366,70
366,81
366,96
366,101
366,112
366,177
366,244
366,268
366,280
367,7
367,72
367,73
367,120
367,146
367,197
367,207
367,234
367,236
367,256
368,27
368,91
368,181
368,191
368,207
368,234
368,236
368,268
368,275
369,7
369,26
369,45
369,55
369,56
369,61
369,63
369,105
369,110
369,126
369,148
369,168
369,190
369,194
369,203
369,211
369,238
369,242
369,252
370,18
370,24
370,26
370,79
370,83
370,93
370,105
370,106
370,110
370,221
370,242
370,268
371,19
371,47
371,49
371,50
371,88
371,97
371,136
371,140
371,148
371,153
371,162
371,170
371,190
371,192
371,218
371,222
371,223
371,228
371,251
372,35
372,43
372,72
372,97
373,3
373,38
373,65
373,66
373,80
373,81
373,97
373,134
373,137
373,156
373,215
373,269
374,4
374,37
374,40
374,49
374,141
374,147
374,158
374,173
374,193
374,213
374,214
374,241
374,256
375,5
375,76
375,120
375,137
375,158
375,175
375,201
375,217
375,268
376,2
376,5
376,8
376,20
376,32
376,64
376,70
376,123
376,144
376,151
376,158
376,186
376,199
376,208
376,223
376,233
376,264
376,266
376,272
376,274
377,54
377,61
377,79
377,217
377,245
378,10
378,17
378,33
378,61
378,79
378,108
378,112
378,146
378,168
378,173
378,183
378,225
378,254
378,257
378,259
378,272
378,279
379,21
379,24
379,47
379,61
379,79
379,96
379,98
379,120
379,134
379,203
379,229
380,6
380,26
380,39
380,89
380,114
380,117
380,122
380,123
380,156
380,157
380,198
380,210
380,234
380,247
381,11
381,60
381,89
381,90
381,93
381,108
381,125
381,157
381,158
381,173
381,196
381,252
381,269
381,278
382,4
382,31
382,53
382,56
382,78
382,101
382,107
382,109
382,123
382,125
382,157
382,159
382,205
382,212
382,244
383,32
383,68
383,97
383,157
383,217
384,8
384,26
384,29
384,55
384,76
384,83
384,99
384,156
384,192
384,196
384,207
384,212
384,219
384,221
384,236
385,28
385,29
385,45
385,52
385,62
385,73
385,79
385,97
385,112
385,119
385,142
385,157
385,162
385,191
385,193
385,206
385,244
385,259
385,260
386,19
386,26
386,29
386,122
386,153
386,223
387,3
387,29
387,161
387,194
388,46
388,89
388,96
388,104
388,122
388,127
388,136
388,137
388,183
388,188
388,190
388,195
388,208
388,216
388,221
388,234
388,239
388,248
388,250
388,275
389,1
389,30
389,114
389,122
389,215
389,222
389,235
389,240
389,252
389,280
390,19
390,23
390,122
390,184
390,213
390,214
390,219
391,28
391,91
391,122
391,145
391,205
391,206
391,268
392,8
392,34
392,41
392,47
392,87
392,107
392,123
392,125
392,142
392,155
392,168
392,188
392,208
392,211
392,215
392,226
392,233
392,236
392,264
392,274
393,8
393,188
394,8
394,24
394,63
394,96
394,109
394,125
394,144
394,146
394,171
394,188
394,193
394,204
394,214
394,274
395,47
395,69
395,72
395,82
395,93
395,187
395,195
395,197
395,219
395,231
395,245
395,274
396,71
396,112
396,219
396,235
396,240
396,258
397,82
397,194
397,247
397,267
398,23
398,28
398,42
398,70
398,82
398,98
398,110
398,164
398,200
398,217
398,232
398,247
398,262
398,268
398,278
399,18
399,37
399,42
399,48
399,57
399,73
399,93
399,94
399,95
399,99
399,142
399,149
399,160
399,174
399,215
399,224
399,236
399,256
399,261
399,263
400,8
400,73
400,87
400,99
400,146
400,158
400,169
400,184
400,227
400,260
401,13
401,16
401,30
401,31
401,51
401,61
401,82
401,87
401,97
401,105
401,143
401,159
401,166
401,198
401,207
401,212
401,227
401,241
401,244
401,248
402,65
402,159
402,176
402,248
402,271
402,280
403,62
403,97
403,109
403,116
403,131
403,173
403,182
403,195
403,216
403,241
403,247
403,257
403,275
403,278
404,13
404,15
404,31
404,34
404,36
404,53
404,56
404,61
404,62
404,65
404,80
404,109
404,161
404,215
404,222
404,231
404,256
404,263
404,278
405,6
405,37
405,108
405,109
405,136
405,159
405,201
405,278
406,23
406,34
406,38
406,56
406,63
406,125
406,147
406,150
406,211
406,260
406,277
407,2
407,7
407,18
407,20
407,26
407,30
407,36
407,46
407,56
407,62
407,69
407,93
407,97
407,119
407,143
407,151
407,185
407,233
407,277
407,280
408,1
408,6
408,17
408,24
408,52
408,56
408,71
408,101
408,149
408,162
408,175
408,194
408,254
408,277
409,11
409,42
409,52
409,56
409,59
409,67
409,84
409,114
409,118
409,134
409,152
409,252
409,277
410,24
410,30
410,45
410,53
410,61
410,78
410,88
410,102
410,156
410,157
410,166
410,181
410,186
410,199
410,219
410,257
411,21
411,40
411,53
411,79
411,88
411,150
411,181
412,21
412,48
412,69
412,75
412,100
412,114
412,118
412,134
412,143
412,163
412,168
412,181
412,232
412,241
412,270
412,280
413,8
413,15
413,51
413,59
413,60
413,61
413,84
413,110
413,131
413,200
413,245
413,246
413,263
414,4
414,51
414,60
414,124
414,161
414,225
414,263
415,51
415,60
416,77
416,131
416,139
416,180
416,209
416,211
416,215
416,225
416,252
416,276
417,14
417,137
417,178
417,180
417,188
417,209
417,234
418,1
418,38
418,42
418,75
418,149
418,177
418,180
418,183
418,192
418,205
418,207
418,208
418,209
418,231
419,34
419,36
419,72
419,77
419,79
419,135
419,180
419,203
419,209
419,228
419,256
419,266
420,4
420,60
420,79
420,87
420,114
420,150
420,156
420,177
420,178
420,194
420,203
420,223
420,231
420,257
420,263
421,87
421,95
421,96
421,156
421,188
421,193
421,230
421,272
421,279
422,59
422,63
422,69
422,87
422,149
422,156
422,175
422,209
422,217
422,218
422,239
423,87
423,156
424,43
424,50
424,52
424,56
424,59
424,64
424,75
424,102
424,106
424,108
424,169
424,170
424,210
424,231
424,237
424,243
424,257
424,272
424,277
425,14
425,23
425,43
425,54
425,59
425,75
425,156
425,160
425,169
425,174
425,198
425,210
425,214
425,223
425,233
425,252
426,1
426,5
426,12
426,43
426,75
426,92
426,101
426,169
426,171
426,201
426,209
426,221
427,27
427,31
427,33
427,43
427,75
427,87
427,169
427,202
427,213
427,217
427,254
428,125
428,213
429,14
429,28
429,110
429,133
429,155
429,172
429,200
429,213
429,227
429,256
430,9
430,25
430,41
430,103
430,106
430,112
430,119
430,121
430,185
430,193
430,213
430,238
430,261
430,265
431,15
431,56
431,106
431,111
431,130
431,162
431,165
431,181
431,213
431,216
431,249
431,271
432,1
432,28
432,48
432,51
432,83
432,118
432,124
432,151
432,184
432,197
432,198
432,238
432,241
432,242
432,243
433,10
433,64
433,104
433,127
433,134
433,151
433,168
433,177
433,197
433,198
433,207
433,220
433,224
433,238
433,244
433,264
434,122
434,151
434,153
434,154
434,198
434,205
434,235
435,124
435,156
435,180
435,187
435,209
435,214
435,238
435,254
436,17
436,28
436,32
436,34
436,60
436,84
436,154
436,177
436,187
436,191
436,193
436,201
436,228
436,235
436,236
436,240
436,267
436,276
437,1
437,11
437,19
437,45
437,114
437,149
437,155
437,160
437,187
438,23
438,51
438,61
438,64
438,82
438,98
438,101
438,110
438,118
438,121
438,183
438,216
438,221
438,260
439,2
439,49
439,64
439,72
439,82
439,94
439,97
439,116
439,132
439,136
439,140
439,169
439,188
439,216
439,236
439,270
440,5
440,37
440,50
440,64
440,68
440,72
440,82
440,103
440,115
440,118
440,121
440,157
440,158
440,162
440,173
440,180
440,202
440,223
440,227
440,277
441,29
441,42
441,59
441,64
441,68
441,82
441,109
441,152
441,202
441,203
441,205
442,25
442,56
442,72
442,87
442,88
442,103
442,105
442,106
442,155
442,157
442,158
442,182
442,192
442,216
442,223
442,238
442,260
442,274
443,103
443,158
444,14
444,42
444,59
444,78
444,96
444,103
444,114
444,140
444,158
444,164
444,188
444,192
444,194
444,199
444,210
444,221
444,235
444,251
444,275
445,53
445,65
445,89
445,103
445,141
445,158
445,192
445,224
445,255
445,258
445,270
446,58
446,62
446,68
446,76
446,85
446,120
447,15
447,68
447,113
447,156
447,197
447,203
447,220
448,25
448,64
448,68
448,78
448,97
448,105
448,115
448,119
448,124
448,131
448,177
448,205
448,235
448,274
449,21
449,22
449,68
449,92
449,95
449,129
449,146
449,163
449,164
449,200
449,217
449,238
449,261
449,278
450,45
450,58
450,60
450,71
450,102
450,154
450,176
450,252
450,264
450,277
451,47
451,152
451,196
451,235
451,277
452,17
452,26
452,45
452,227
452,277
453,6
453,26
453,73
453,76
453,83
453,85
453,88
453,100
453,104
453,123
453,141
453,160
453,181
453,250
453,273
454,24
454,29
454,30
454,84
454,104
454,127
454,160
454,250
455,11
455,17
455,24
455,35
455,74
455,91
455,104
455,126
455,134
455,160
455,162
455,167
455,171
455,214
455,221
455,222
455,248
455,250
455,255
456,24
456,27
456,104
456,125
456,127
456,144
456,160
456,174
456,213
456,234
456,250
456,257
457,9
457,24
457,35
457,40
457,41
457,77
457,106
457,122
457,126
457,127
457,147
457,159
457,194
457,217
457,226
457,253
457,259
457,262
457,270
457,276
458,47
458,77
458,84
458,106
458,121
458,153
458,172
458,199
458,204
458,210
458,218
458,241
459,77
459,106
460,16
460,44
460,68
460,127
460,156
460,171
460,198
460,216
460,219
460,223
460,228
460,229
460,246
460,266
461,27
461,42
461,44
461,75
461,86
461,127
461,192
461,201
461,204
461,228
462,69
462,110
462,159
462,240
463,18
463,31
463,76
463,95
463,110
463,132
463,137
463,198
463,262
464,57
464,73
464,110
464,143
464,168
464,203
465,2
465,110
465,120
465,153
465,179
465,188
465,200
465,202
465,218
465,231
465,280
466,32
466,65
466,107
466,133
466,149
466,218
466,252
466,263
467,28
467,83
467,94
467,105
467,119
467,125
467,149
467,154
467,165
467,177
467,248
467,255
467,279
468,3
468,26
468,29
468,33
468,39
468,54
468,96
468,113
468,116
468,148
468,158
468,166
468,188
468,210
468,213
468,217
468,233
468,265
468,274
468,278
469,10
469,38
469,109
469,148
469,188
469,217
469,258
470,11
470,81
470,101
470,102
470,124
470,182
470,187
470,210
470,228
471,81
471,155
471,210
472,4
472,11
472,23
472,65
472,81
472,82
472,107
472,118
472,185
472,187
472,210
472,241
473,3
473,35
473,41
473,75
473,81
473,84
473,116
473,120
473,135
473,162
473,163
473,179
473,184
473,210
473,217
473,230
473,258
473,278
474,43
474,73
474,96
474,106
474,152
474,156
474,196
475,18
475,21
475,96
475,129
475,139
475,167
475,195
475,218
475,239
475,249
476,10
476,27
476,32
476,96
476,99
476,197
476,220
476,237
476,256
477,88
477,96
477,118
477,191
477,199
477,214
477,280
478,8
478,14
478,61
478,79
478,131
478,136
478,190
478,192
478,226
478,240
478,248
479,20
479,25
479,26
479,49
479,71
479,77
479,127
479,130
479,131
479,136
479,156
479,160
479,161
479,179
479,222
479,233
479,251
479,265
479,276
480,28
480,34
480,50
480,131
480,184
480,196
480,232
481,20
481,53
481,61
481,82
481,132
481,233
481,276
482,10
482,19
482,34
482,40
482,42
482,44
482,45
482,61
482,73
482,135
482,200
482,204
482,211
482,219
482,229
482,230
482,279
483,8
483,12
483,18
483,36
483,41
483,58
483,61
483,78
483,114
483,132
483,155
483,176
483,198
483,256
483,278
484,8
484,33
484,82
484,116
484,129
484,140
484,141
484,152
484,176
484,188
484,222
484,233
485,21
485,41
485,118
485,141
485,162
485,168
485,197
485,208
485,228
485,235
485,240
486,102
486,120
486,141
486,178
486,196
487,18
487,26
487,72
487,87
487,91
487,109
487,114
487,130
487,154
487,158
487,159
487,163
487,204
487,217
487,218
487,244
487,247
487,268
487,279
488,24
488,69
488,119
488,136
488,185
488,217
488,221
488,249
488,279
489,58
489,217
490,1
490,17
490,36
490,37
490,71
490,73
490,97
490,131
490,140
490,177
490,178
490,239
490,240
490,244
490,245
490,251
490,272
491,47
491,71
491,73
491,97
491,135
491,143
491,157
491,194
491,215
491,222
491,223
491,247
491,256
492,29
492,47
492,72
492,115
492,146
492,175
492,210
492,250
492,255
492,266
493,13
493,16
493,32
493,47
493,75
493,81
493,104
493,109
493,117
493,171
493,183
493,215
493,217
493,218
493,225
493,231
493,263
494,3
494,6
494,8
494,10
494,15
494,19
494,23
494,47
494,70
494,97
494,116
494,133
494,138
494,181
494,195
494,227
494,230
494,266
495,47
495,89
495,138
495,164
495,270
496,104
496,114
496,131
496,138
496,149
496,181
496,248
496,253
497,4
497,75
497,96
497,105
497,114
497,185
497,253
498,65
498,94
498,123
498,155
499,45
499,58
499,65
499,70
499,86
499,94
499,158
499,183
499,191
499,199
499,209
499,216
499,229
499,231
499,278
500,27
500,63
500,65
500,70
500,80
500,94
500,116
500,124
500,159
500,169
500,206
500,280
501,34
501,39
501,41
501,129
501,142
501,184
501,255
501,275
502,33
502,34
502,57
502,89
502,122
502,129
502,145
502,165
502,211
502,214
502,218
503,15
503,59
503,87
503,92
503,101
503,102
503,111
503,130
503,132
503,133
503,136
503,192
503,203
503,206
503,230
503,238
503,246
503,262
503,268
503,278
504,2
504,8
504,21
504,31
504,53
504,68
504,73
504,99
504,101
504,114
504,132
504,136
504,167
504,171
504,176
504,203
504,234
504,237
505,132
505,136
505,203
506,1
506,3
506,10
506,45
506,50
506,60
506,100
506,103
506,113
506,140
506,165
506,187
506,194
506,207
507,22
507,50
507,78
507,105
507,113
507,165
507,267
508,50
508,58
508,85
508,113
508,156
508,165
509,5
509,17
509,28
509,60
509,65
509,71
509,72
509,90
509,92
509,110
509,113
509,146
509,215
509,220
509,225
510,32
510,71
510,89
510,215
510,238
511,40
511,71
511,79
511,215
512,16
512,33
512,34
512,41
512,42
512,49
512,61
512,97
512,98
512,130
512,138
512,163
512,165
512,201
512,211
512,225
512,231
512,243
512,255
512,270
513,98
513,180
513,201
514,16
514,62
514,66
514,78
514,89
514,125
514,149
514,150
514,157
514,162
514,169
514,199
514,214
514,236
515,149
515,157
516,10
516,13
516,15
516,18
516,81
516,85
516,105
516,149
516,155
516,157
516,173
516,265
517,26
517,46
517,56
517,105
517,115
517,144
517,149
517,157
517,163
517,164
517,187
517,197
517,209
517,231
517,241
518,42
518,43
518,211
518,225
518,248
519,20
519,104
519,211
519,230
519,262
520,7
520,54
520,101
520,126
520,193
520,211
520,225
520,247
520,271
521,2
521,8
521,30
521,47
521,67
521,78
521,84
521,108
521,122
521,128
521,145
521,192
521,197
521,198
521,200
521,204
521,250
521,254
521,255
521,270
522,50
522,55
522,95
522,143
522,198
522,206
522,208
522,223
522,280
523,16
523,20
523,39
523,50
523,61
523,72
523,83
523,113
523,122
523,139
523,175
523,198
523,210
523,212
523,236
523,239
523,270
524,19
524,54
524,64
524,83
524,107
524,160
524,198
524,206
524,262
525,1
525,6
525,42
525,46
525,69
525,89
525,107
525,124
525,127
525,133
525,143
525,161
525,206
525,238
525,240
526,6
526,24
526,26
526,43
526,85
526,124
526,127
526,158
526,176
526,188
526,195
526,196
526,241
526,270
527,6
527,10
527,23
527,79
527,103
527,111
527,124
527,127
527,182
528,48
528,111
528,186
529,16
529,29
529,36
529,106
529,111
529,158
529,168
529,209
529,258
530,58
530,119
530,232
530,242
530,245
530,278
531,74
531,142
531,152
531,166
531,167
531,173
531,174
531,230
531,232
531,240
531,244
532,10
532,95
532,134
532,163
532,209
532,219
532,221
532,232
532,235
532,247
532,249
533,3
533,6
533,10
533,11
533,12
533,38
533,84
533,88
533,100
533,139
533,151
533,160
533,197
533,204
533,219
533,240
533,242
533,244
533,247
533,277
534,17
534,21
534,58
534,87
534,110
534,138
534,139
534,145
534,159
534,175
534,206
534,210
534,226
534,239
534,252
534,254
535,1
535,16
535,42
535,72
535,98
535,115
535,149
535,158
535,162
535,175
535,183
535,198
535,239
535,242
535,245
535,249
535,254
536,4
536,11
536,76
536,87
536,109
536,186
536,239
536,254
536,258
537,16
537,77
537,92
537,118
537,150
537,239
537,254
537,274
537,278
538,20
538,24
538,77
538,120
538,142
538,155
538,167
538,169
538,248
538,263
539,1
539,6
539,7
539,24
539,46
539,97
539,124
539,171
539,182
539,200
539,216
539,248
540,23
540,64
540,70
540,98
540,108
540,144
540,146
540,148
540,166
540,260
541,97
541,166
541,176
541,179
541,247
542,66
542,101
542,166
542,198
542,230
543,8
543,15
543,25
543,41
543,61
543,137
543,157
543,213
543,238
544,13
544,20
544,59
544,63
544,84
544,90
544,157
544,175
544,264
544,276
545,6
545,12
545,62
545,110
545,130
545,205
545,276
546,6
546,62
546,64
546,140
546,162
546,164
546,239
546,255
546,266
546,276
546,279
547,6
547,16
547,23
547,47
547,62
547,90
547,105
547,158
547,160
547,251
547,253
547,264
547,276
548,6
548,15
548,62
548,276
549,80
549,96
549,111
549,138
549,139
549,222
549,232
549,245
549,252
550,88
550,96
550,138
550,139
550,145
550,152
550,171
550,218
550,234
550,245
551,19
551,20
551,52
551,97
551,116
551,142
551,162
551,163
551,183
551,193
551,202
551,208
551,212
551,235
552,22
552,66
552,101
552,116
552,224
552,255
553,7
553,36
553,60
553,83
553,123
553,153
553,179
553,180
553,211
553,212
553,215
553,244
553,248
553,260
553,264
553,267
553,272
554,47
554,83
554,84
554,107
554,115
554,153
554,164
554,186
554,197
554,219
554,264
555,9
555,70
555,83
555,92
555,153
555,158
555,227
556,49
556,52
556,60
556,100
556,107
556,129
556,141
556,144
556,168
556,169
556,174
556,180
556,185
556,193
556,216
556,222
556,240
556,242
556,278
557,56
557,169
557,242
558,48
558,53
558,56
558,64
558,75
558,114
558,127
558,131
558,132
558,144
558,177
558,184
558,200
558,229
558,231
558,236
558,237
558,246
558,252
558,271
559,42
559,56
559,63
559,80
559,90
559,104
559,112
559,123
559,127
559,142
559,174
559,187
559,210
559,220
559,228
559,244
559,261
560,11
560,44
560,56
560,109
560,125
560,127
560,134
560,137
560,150
560,169
560,206
560,219
560,238
560,242
560,243
560,258
561,21
561,38
561,56
561,73
561,107
561,124
561,127
561,133
561,178
561,211
561,228
561,229
561,234
561,239
561,264
561,274
562,6
562,20
562,62
562,108
562,109
562,126
562,134
562,172
562,201
562,220
562,243
562,256
563,84
563,100
563,111
563,126
563,187
563,208
563,220
563,243
564,44
564,52
564,126
564,192
564,220
564,238
564,239
564,270
565,10
565,14
565,38
565,51
565,67
565,74
565,77
565,86
565,87
565,131
565,133
565,175
565,203
565,205
565,242
565,252
565,257
565,280
566,20
566,62
566,70
566,77
566,84
566,96
566,113
566,133
566,136
566,139
566,141
566,192
566,230
566,236
566,242
566,258
567,30
567,37
567,96
567,133
567,138
567,186
567,203
567,228
568,30
568,32
568,76
568,98
568,157
568,175
568,179
568,200
568,240
568,263
568,273
569,12
569,52
569,64
569,81
569,136
569,240
569,270
570,3
570,9
570,60
570,86
570,99
570,105
570,145
570,220
570,236
570,269
570,279
571,18
571,82
571,192
571,199
571,220
571,236
572,8
572,12
572,15
572,55
572,76
572,114
572,122
572,155
572,166
572,196
572,201
572,223
572,226
572,236
572,237
572,258
572,261
572,280
573,108
573,216
573,221
573,236
573,246
574,38
574,46
574,109
574,128
574,151
574,158
574,176
574,182
574,201
574,215
574,218
574,234
574,237
574,260
574,265
575,31
575,88
575,158
575,163
575,226
575,245
575,269
575,279
576,2
576,7
576,25
576,59
576,71
576,72
576,103
576,106
576,108
576,119
576,120
576,124
576,136
576,148
576,165
576,166
576,180
576,278
577,15
577,21
577,108
577,124
577,154
577,214
577,265
577,269
578,40
578,50
578,131
578,133
578,143
578,178
578,252
579,35
579,50
579,73
579,76
579,136
579,137
579,185
579,191
579,234
579,249
579,254
579,258
580,44
580,50
580,77
580,96
580,98
580,111
580,112
580,121
580,127
580,163
580,207
580,228
580,277
581,13
581,31
581,59
581,78
581,102
581,109
581,113
581,138
581,150
581,153
581,163
581,172
581,202
581,217
581,220
581,221
581,223
581,229
581,231
581,261
582,18
582,35
582,55
582,88
582,98
582,102
582,113
582,194
582,199
582,230
582,236
582,244
582,249
583,17
583,21
583,25
583,60
583,63
583,90
583,113
583,153
583,164
583,168
583,221
583,223
583,226
583,257
583,265
584,2
584,8
584,49
584,69
584,80
584,111
584,140
584,153
584,156
584,159
584,165
584,207
584,228
585,1
585,7
585,11
585,17
585,64
585,80
585,99
585,143
585,212
585,250
585,271
585,276
586,33
586,37
586,80
586,154
587,3
587,18
587,64
587,87
587,96
587,107
587,117
587,146
587,155
587,199
587,227
587,234
587,239
587,243
587,247
587,260
587,261
588,18
588,23
588,26
588,70
588,93
588,113
588,124
588,198
588,239
588,254
588,255
588,258
588,259
589,21
589,26
589,70
589,164
590,26
590,83
590,154
590,233
590,244
591,22
591,36
591,37
591,72
591,137
591,143
591,147
591,152
591,174
591,200
592,22
592,117
592,140
592,155
592,195
592,237
592,252
592,275
593,21
593,22
593,56
593,121
593,128
593,224
593,225
593,228
593,248
594,22
594,49
594,85
594,111
594,127
594,133
594,139
594,144
594,157
594,184
594,201
594,207
594,241
594,267
595,64
595,89
595,238
595,254
596,64
596,89
596,254
597,22
597,33
597,57
597,65
597,78
597,90
597,91
597,121
597,144
597,149
597,152
597,155
597,161
597,197
597,212
597,219
597,233
597,246
597,271
598,7
598,12
598,22
598,82
598,93
598,121
598,152
598,179
598,183
598,193
598,218
598,224
598,239
598,241
599,95
599,195
600,41
600,95
600,98
600,115
600,120
600,122
600,124
600,179
600,185
600,203
601,22
601,23
601,49
601,59
601,76
601,80
601,130
601,132
601,148
601,151
601,190
601,192
601,211
601,243
601,246
601,248
601,249
601,255
601,260
601,271
602,13
602,17
602,83
602,205
602,211
603,5
603,15
603,35
603,71
603,74
603,118
603,123
603,157
603,165
603,185
603,200
603,204
603,207
603,211
603,239
604,85
604,211
605,37
605,42
605,57
605,77
605,81
605,96
605,101
605,117
605,118
605,123
605,133
605,173
605,186
605,187
605,201
605,205
605,214
605,231
605,280
606,35
606,38
606,61
606,109
606,177
606,179
606,186
606,205
606,214
606,219
606,228
606,252
606,254
606,276
607,129
607,186
607,205
607,213
607,214
608,1
608,46
608,109
608,186
608,205
608,214
608,248
608,254
608,256
609,59
609,91
609,130
609,197
609,211
609,244
609,258
610,9
610,97
610,130
610,134
610,141
610,145
610,168
610,173
610,211
610,244
610,258
611,30
611,44
611,56
611,71
611,78
611,100
611,130
611,145
611,162
611,174
611,191
611,216
611,224
611,244
611,258
611,266
612,7
612,57
612,81
612,130
612,192
612,232
612,235
612,244
612,245
612,248
612,258
612,270
612,275
613,21
613,27
613,35
613,40
613,48
613,64
613,70
613,93
613,96
613,99
613,105
613,111
613,124
613,147
613,151
613,186
613,202
613,234
613,248
613,261
614,22
614,56
614,63
614,64
614,87
614,111
614,118
614,224
614,242
614,244
614,266
614,275
614,280
615,57
615,58
615,64
615,74
615,75
615,81
615,101
615,111
615,124
615,168
615,177
615,204
615,221
615,230
615,236
615,240
615,246
615,257
616,7
616,40
616,64
616,110
616,111
616,146
616,169
616,208
616,220
616,255
616,260
616,261
616,269
616,276
616,278
617,122
617,188
618,27
618,68
618,69
618,188
618,214
618,217
618,221
618,222
618,269
619,15
619,36
619,58
619,136
619,205
619,209
619,227
619,275
620,36
620,37
620,46
620,49
620,63
620,93
620,144
620,209
621,32
621,36
621,209
621,219
621,249
622,36
622,87
622,142
622,209
622,232
622,267
623,77
623,111
623,148
623,177
623,197
623,211
623,213
623,223
623,225
623,226
623,246
623,248
624,29
624,111
624,147
624,223
624,246
624,263
624,270
625,1
625,8
625,14
625,80
625,90
625,97
625,111
625,169
625,199
625,223
625,246
625,256
625,261
626,16
626,54
626,111
626,112
626,123
626,173
626,223
626,246
627,22
627,43
627,52
627,68
627,188
627,216
627,265
627,275
627,277
628,20
628,66
628,161
628,210
628,216
628,229
628,253
628,276
629,6
629,18
629,26
629,27
629,101
629,104
629,118
629,126
629,169
629,177
629,182
629,186
629,216
629,217
630,72
630,216
631,5
631,19
631,38
631,59
631,69
631,81
631,107
631,113
631,114
631,126
631,138
631,172
631,177
631,195
631,206
631,221
631,237
631,241
631,271
632,59
632,69
632,185
632,277
633,20
633,26
633,39
633,62
633,63
633,75
633,86
633,87
633,89
633,152
633,182
633,195
633,210
633,239
633,246
633,271
634,62
634,89
634,120
634,140
635,62
635,63
635,65
635,89
635,108
635,115
635,124
635,202
635,212
635,218
635,235
635,249
635,253
635,269
636,21
636,83
636,111
636,192
636,202
636,230
636,236
636,239
636,277
637,2
637,6
637,10
637,14
637,83
637,85
637,88
637,112
637,121
637,126
637,192
637,202
637,205
637,221
637,229
637,233
637,234
637,239
637,242
638,7
638,69
638,83
638,186
638,202
638,239
638,277
639,9
639,30
639,51
639,72
639,83
639,104
639,150
639,176
639,190
639,201
639,202
639,237
639,239
639,262
639,277
640,7
640,9
640,76
640,86
640,129
640,143
640,182
640,190
640,191
640,216
640,227
640,242
640,258
640,271
641,3
641,32
641,33
641,79
641,98
641,119
641,135
641,143
641,161
641,164
641,170
641,178
641,180
641,201
641,206
641,239
641,246
641,248
641,271
642,30
642,77
642,125
642,126
643,34
643,35
643,83
643,126
643,140
643,153
643,161
643,163
643,218
643,230
644,126
644,189
644,243
645,35
645,41
645,64
645,88
645,110
645,126
645,131
645,166
645,191
645,215
645,218
646,13
646,51
646,76
646,158
646,275
647,33
647,51
647,76
647,144
647,146
647,220
647,259
647,275
648,1
648,32
648,48
648,51
648,76
648,81
648,83
648,116
648,135
648,139
648,146
648,157
648,184
648,191
648,206
648,263
648,275
648,279
649,42
649,50
649,51
649,65
649,76
649,249
649,275
650,26
650,37
650,61
650,66
650,85
650,95
650,110
650,121
650,131
650,137
650,143
650,146
650,161
650,167
650,168
650,181
650,197
650,210
650,211
650,242
651,4
651,34
651,64
651,95
651,105
651,111
651,161
651,176
651,183
651,207
651,215
651,232
651,261
651,265
652,3
652,40
652,63
652,65
652,68
652,92
652,95
652,113
652,122
652,161
652,194
653,7
653,37
653,119
653,130
653,166
653,192
654,1
654,37
655,37
655,59
655,66
655,76
655,186
655,221
656,37
656,56
656,164
656,273
657,8
657,48
657,61
657,112
657,118
657,120
657,144
657,148
657,168
657,172
657,183
657,223
657,228
657,263
657,278
658,5
658,50
658,63
658,90
658,95
658,106
658,111
658,112
658,131
658,142
658,148
658,149
658,160
658,178
658,212
658,219
658,220
658,233
658,237
658,257
659,7
659,89
659,111
659,228
659,234
659,246
659,248
660,5
660,7
660,73
660,96
660,111
660,135
660,151
660,157
660,191
660,194
660,197
660,215
660,234
660,235
661,7
661,14
661,33
661,40
661,70
661,86
661,111
661,112
661,124
661,134
661,175
661,234
661,238
661,239
661,277
662,28
662,55
662,106
662,118
662,144
662,148
662,190
662,269
663,21
663,55
663,64
663,82
663,104
663,105
663,114
663,173
663,179
663,187
663,206
663,219
663,234
663,262
664,27
664,48
664,72
664,88
664,103
664,112
664,119
664,162
664,192
664,196
664,214
664,260
664,262
665,196
665,233
665,260
666,93
666,98
666,165
666,178
667,39
667,74
667,93
667,98
667,122
667,186
667,216
667,245
668,14
668,47
668,53
668,56
668,71
668,91
668,93
668,98
668,119
668,134
668,144
668,194
668,198
668,200
668,223
668,238
668,260
668,276
669,4
669,22
669,32
669,87
669,90
669,93
669,98
669,112
669,128
669,135
669,177
669,193
669,252
669,263
669,280
670,7
670,37
670,49
670,54
670,83
670,120
670,121
670,127
670,137
670,143
670,199
670,202
670,205
670,212
670,224
670,254
670,272
671,7
671,27
671,48
671,50
671,66
671,113
671,163
671,180
671,212
671,216
671,217
671,224
672,1
672,3
672,11
672,51
672,53
672,58
672,72
672,78
672,96
672,131
672,163
672,178
672,182
672,185
672,199
672,201
672,234
672,266
672,279
673,35
673,51
673,52
673,58
673,75
673,86
673,99
673,111
673,118
673,122
673,131
673,133
673,157
673,159
673,188
673,239
674,50
674,51
674,58
674,59
674,62
674,117
674,131
674,246
674,262
675,39
675,45
675,51
675,58
675,60
675,68
675,79
675,88
675,90
675,98
675,114
675,131
675,138
675,140
675,168
675,178
675,234
675,236
675,248
676,5
676,55
676,61
676,105
676,117
676,127
676,153
676,162
676,174
676,191
676,203
676,226
676,229
676,238
676,245
677,27
677,49
677,50
677,65
677,75
677,81
677,91
677,108
677,132
677,142
677,159
677,192
677,229
677,230
677,234
677,255
677,258
678,3
678,10
678,14
678,21
678,27
678,38
678,53
678,63
678,65
678,73
678,78
678,86
678,130
678,135
678,153
678,184
678,185
678,209
679,1
679,8
679,38
679,42
679,78
679,99
679,124
679,153
679,154
679,168
679,186
679,211
680,43
680,107
680,126
680,212
681,43
681,107
681,126
682,15
682,43
682,47
682,107
682,126
682,191
682,270
682,280
683,12
683,21
683,42
683,43
683,94
683,107
683,126
683,205
683,206
683,219
683,223
683,229
683,255
683,257
684,46
684,64
684,67
684,68
684,84
684,105
684,125
684,129
684,147
684,168
684,182
684,211
684,239
684,243
684,268
684,271
685,68
685,87
685,133
685,167
685,211
685,243
685,258
686,16
686,74
686,140
686,235
686,243
686,254
686,261
687,4
687,16
687,17
687,31
687,55
687,101
687,119
687,138
687,148
687,209
687,235
687,241
687,264
687,268
687,272
688,10
688,28
688,35
688,49
688,51
688,67
688,72
688,105
688,112
688,118
688,131
688,155
688,189
688,250
688,259
688,267
688,270
688,276
689,10
689,11
689,28
689,42
689,60
689,67
689,72
689,75
689,87
689,112
689,118
689,120
689,123
689,137
689,197
689,203
689,213
689,218
689,256
690,10
690,72
690,76
690,90
690,94
690,99
690,108
690,112
690,118
690,137
690,173
690,186
690,190
690,225
690,271
690,272
691,76
691,146
691,160
691,165
691,222
692,1
692,14
692,17
692,54
692,64
692,75
692,76
692,88
692,129
692,130
692,140
692,142
692,143
692,144
692,146
692,177
692,200
692,222
692,257
692,261
693,53
693,174
693,188
693,224
693,251
694,12
694,16
694,64
694,73
694,93
694,112
694,185
694,217
694,224
694,237
694,258
694,261
695,6
695,23
695,67
695,92
695,125
695,130
695,224
696,2
696,19
696,37
696,76
696,106
696,126
696,137
696,161
696,199
696,217
696,224
696,233
696,264
696,279
697,64
697,78
697,127
697,217
697,226
697,241
698,13
698,24
698,78
699,31
699,78
699,101
699,147
700,78
700,246
701,5
701,79
701,278
702,3
702,5
702,22
702,43
702,85
702,98
702,147
702,161
702,173
702,216
702,231
702,238
702,247
702,271
703,5
703,19
703,37
703,41
703,68
703,124
703,132
703,183
703,212
703,237
703,259
703,277
703,279
703,280
704,11
704,156
704,174
704,278
705,174
705,278
706,6
706,7
706,87
706,119
706,174
706,196
706,227
706,262
706,278
707,174
707,203
707,278
708,68
708,151
708,161
708,177
708,179
708,180
708,183
708,190
708,234
708,248
708,261
709,17
709,70
709,123
709,151
709,161
709,213
709,216
709,229
709,244
709,270
710,74
710,151
710,161
710,207
711,40
711,42
711,77
711,108
711,113
711,116
711,124
711,126
711,130
711,134
711,151
711,161
711,165
711,229
711,247
711,252
711,263
712,31
712,54
712,56
712,82
712,116
712,118
712,145
712,156
712,159
712,161
712,166
712,202
712,220
712,222
712,254
713,29
713,81
713,88
713,95
713,109
713,118
713,141
713,164
713,173
713,176
713,193
713,210
713,220
713,221
713,228
713,229
713,269
714,41
714,99
714,119
714,128
714,162
714,178
714,198
714,211
714,220
714,226
714,238
714,243
714,275
715,8
715,65
715,79
715,94
715,112
715,117
715,133
715,135
715,137
715,151
715,169
715,213
715,214
715,220
715,234
715,241
715,255
715,259
715,262
716,6
716,15
716,20
716,23
716,50
716,54
716,73
716,127
716,160
716,173
716,183
716,188
716,206
716,226
716,238
716,244
716,245
716,251
716,271
716,273
717,91
717,127
717,241
718,6
718,18
718,28
718,38
718,49
718,94
718,122
718,123
718,149
718,155
718,173
718,183
718,191
718,206
718,225
718,243
718,258
718,268
718,273
719,38
719,130
720,1
720,8
720,22
720,41
720,42
720,46
720,47
720,62
720,81
720,83
720,101
720,111
720,124
720,140
720,166
720,169
720,221
720,268
721,47
721,83
721,92
721,111
721,166
721,203
721,274
722,13
722,15
722,23
722,47
722,50
722,79
722,83
722,111
722,117
722,125
722,137
722,162
722,183
722,238
722,242
722,251
722,265
723,10
723,55
723,88
723,92
723,116
723,130
723,139
723,159
723,175
723,187
723,220
723,224
723,239
723,248
723,257
723,260
723,280
724,25
724,31
724,40
724,118
724,124
724,130
724,141
724,149
724,156
724,180
724,206
724,221
724,222
724,245
724,260
725,41
725,45
725,54
725,62
725,65
725,89
725,104
725,130
725,147
725,159
725,192
726,1
726,59
726,90
726,103
726,107
726,130
726,131
726,143
726,155
726,203
726,231
726,264
727,43
727,50
727,61
727,74
727,75
727,96
727,100
727,115
727,158
727,172
727,230
727,262
727,266
728,67
728,83
728,85
728,132
728,135
728,147
728,172
728,223
728,257
728,279
729,18
729,32
729,44
729,46
729,49
729,57
729,87
729,98
729,125
729,129
729,143
729,171
729,172
729,216
729,225
729,231
729,240
729,250
729,274
730,6
730,17
730,26
730,41
730,69
730,78
730,86
730,100
730,136
730,140
730,150
730,178
730,182
730,184
730,228
730,231
730,272
731,34
731,39
731,57
731,64
731,93
731,137
731,153
731,184
731,226
731,237
731,238
731,240
731,278
731,279
731,280
732,4
732,15
732,30
732,47
732,67
732,68
732,77
732,78
732,132
732,168
732,184
732,216
732,235
733,76
733,93
733,107
733,169
733,188
733,196
733,198
733,207
733,210
733,211
733,233
733,256
733,259
734,7
734,11
734,25
734,49
734,76
734,87
734,107
734,108
734,150
734,184
734,189
734,196
734,207
734,214
734,216
734,231
734,235
734,245
734,256
734,259
735,107
735,207
736,165
736,166
736,231
736,268
737,45
737,54
737,94
737,105
737,110
737,147
737,231
738,9
738,21
738,32
738,69
738,161
738,165
738,182
738,183
738,214
738,231
738,232
738,233
738,255
738,269
739,1
739,23
739,39
739,72
739,119
739,140
739,193
739,223
739,228
739,231
739,236
739,244
739,266
740,67
740,207
741,3
741,30
741,48
741,59
741,67
741,99
741,101
741,106
741,143
741,185
741,207
741,213
742,11
742,12
742,21
742,67
742,71
742,90
742,108
742,119
742,131
742,135
742,141
742,155
742,165
742,207
742,239
742,249
742,251
742,252
742,256
742,258
743,6
743,12
743,15
743,62
743,67
743,99
743,115
743,156
743,193
743,197
743,207
743,221
743,235
743,244
743,264
743,271
744,13
744,28
744,31
744,76
744,79
744,102
744,146
744,252
744,255
744,267
745,4
745,19
745,53
745,79
745,114
745,133
745,146
745,159
745,192
745,205
745,208
745,222
745,252
746,17
746,19
746,44
746,51
746,58
746,81
746,89
746,108
746,134
746,149
746,157
746,168
746,216
746,228
746,233
746,252
746,254
746,275
747,22
747,41
747,42
747,58
747,65
747,87
747,89
747,94
747,110
747,117
747,134
747,203
747,207
747,209
747,220
747,237
747,257
748,56
748,57
748,58
748,61
748,62
748,77
748,157
748,160
748,172
748,177
748,202
748,242
748,263
748,264
748,272
749,28
749,35
749,57
749,95
749,103
749,129
749,157
749,188
749,214
749,228
749,266
749,272
750,42
750,57
750,76
750,116
750,141
750,153
750,157
750,164
750,178
750,179
750,180
750,206
750,223
750,245
750,253
750,255
750,256
750,271
750,272
750,275
751,57
751,157
751,272
752,23
752,42
752,101
752,160
752,167
752,227
752,254
752,267
753,4
753,11
753,12
753,42
753,147
753,162
753,172
753,215
753,227
753,250
753,253
753,267
753,280
754,42
754,79
754,94
754,109
754,111
754,119
754,125
754,133
754,161
754,165
754,170
754,194
754,204
754,227
754,267
754,274
755,42
755,88
755,132
755,227
755,267
756,9
756,118
756,123
756,178
756,180
756,256
756,270
757,4
757,13
757,25
757,53
757,90
757,104
757,114
757,124
757,136
757,140
757,149
757,169
757,180
757,206
757,210
757,227
757,233
757,270
757,274
758,2
758,34
758,71
758,73
758,116
758,124
758,125
758,127
758,134
758,174
758,180
758,184
758,186
758,196
758,204
758,217
758,224
758,273
759,64
759,109
759,181
759,186
759,242
760,39
760,61
760,103
760,110
760,123
760,164
760,171
760,177
760,185
760,186
760,189
760,204
760,270
761,16
761,23
761,41
761,55
761,139
761,161
761,186
761,200
761,250
762,28
762,102
762,156
762,208
763,80
763,93
763,102
763,156
763,169
763,172
763,192
763,231
763,237
763,248
764,49
764,50
764,71
764,90
764,93
764,102
764,119
764,127
764,205
764,220
764,229
764,254
764,266
765,5
765,151
765,187
765,231
765,246
766,5
766,27
766,76
766,82
766,108
766,151
766,176
766,216
766,226
766,230
766,239
766,245
766,246
766,249
766,279
767,5
767,23
767,38
767,71
767,110
767,125
767,151
767,168
767,194
767,233
767,234
767,235
767,246
767,250
767,256
768,78
768,273
769,80
769,81
769,140
769,164
769,175
769,206
769,208
769,251
769,273
770,9
770,33
770,42
770,58
770,133
770,148
770,156
770,177
770,191
770,207
770,213
770,215
770,228
770,245
770,257
770,265
771,3
771,26
771,38
771,65
771,102
771,136
771,146
771,148
771,149
771,161
771,180
771,181
771,184
771,191
771,207
771,245
771,247
771,261
772,8
772,128
772,148
772,153
772,191
772,207
772,243
773,5
773,56
773,158
773,161
773,214
773,236
773,274
774,56
774,161
774,274
775,7
775,45
775,120
775,137
775,166
776,7
776,45
776,81
776,88
776,108
776,120
776,154
776,173
776,206
776,239
776,243
776,272
777,7
777,45
777,120
777,177
777,223
778,7
778,44
778,45
778,120
778,163
778,231
778,257
778,278
779,2
779,72
779,79
779,121
779,135
779,136
779,152
779,154
779,165
779,185
779,196
779,199
779,222
779,255
779,257
779,276
780,72
780,79
780,114
780,180
780,194
780,266
781,5
781,6
781,21
781,72
781,212
781,264
781,279
782,34
782,56
782,65
782,72
782,128
782,135
782,141
782,145
782,239
782,244
783,38
783,121
783,145
783,259
783,267
784,27
784,33
784,35
784,38
784,54
784,113
784,126
784,177
785,34
785,38
785,52
785,76
785,95
785,110
785,138
785,145
785,156
785,190
785,265
785,267
786,14
786,20
786,27
786,30
786,33
786,56
786,79
786,85
786,93
786,95
786,102
786,124
786,128
786,131
786,168
786,195
786,219
786,227
786,233
786,242
787,33
787,85
787,94
787,168
787,235
788,4
788,13
788,14
788,16
788,19
788,30
788,116
788,123
788,135
788,147
788,150
788,158
788,159
788,183
788,212
788,223
788,238
788,240
788,266
788,277
789,238
789,240
790,11
790,22
790,24
790,34
790,35
790,66
790,105
790,107
790,115
790,116
790,143
790,159
790,182
790,196
790,225
790,233
790,238
790,240
790,280
791,18
791,77
791,111
791,145
791,171
791,204
791,212
791,261
792,18
792,226
793,10
793,18
793,29
793,43
793,101
793,111
793,146
793,148
793,150
793,153
793,154
793,156
793,169
793,191
793,202
793,209
793,227
794,53
794,89
794,120
794,130
794,159
794,168
794,177
794,180
794,220
794,225
794,243
794,251
794,261
795,6
795,23
795,35
795,50
795,52
795,64
795,85
795,96
795,98
795,129
795,130
795,144
795,173
795,186
795,200
795,235
795,250
795,251
796,99
796,130
796,187
796,251
796,266
797,23
797,109
797,114
797,180
797,192
797,220
797,236
797,248
798,48
798,109
798,117
798,219
799,38
799,67
799,139
799,151
799,171
799,201
799,243
800,38
800,51
800,57
800,109
800,134
800,139
800,179
800,197
800,201
800,212
800,244
801,29
801,38
801,86
801,139
801,175
801,201
801,255
802,65
802,224
802,238
803,8
803,26
803,46
803,50
803,79
803,89
803,119
803,148
803,181
803,223
803,224
803,238
803,247
804,95
804,224
804,238
805,7
805,25
805,31
805,33
805,91
805,98
805,121
805,167
805,180
805,181
805,199
805,221
806,5
806,7
806,33
806,55
806,98
806,146
806,196
806,213
806,230
806,236
806,246
806,258
806,263
807,23
807,27
807,33
807,44
807,98
807,109
807,111
807,135
807,180
807,205
807,223
807,225
807,249
808,11
808,15
808,33
808,91
808,98
808,121
808,157
808,164
808,182
808,265
808,267
809,26
809,39
809,79
809,89
809,98
809,138
809,141
809,195
809,211
809,217
809,218
809,221
809,228
809,238
809,241
809,254
809,264
810,96
810,117
810,191
810,199
810,211
810,215
810,220
810,221
811,108
811,118
811,211
811,221
811,276
812,209
812,211
812,212
812,221
812,235
812,277
813,5
813,20
813,64
813,78
813,103
813,106
813,112
813,137
813,172
813,225
813,236
814,17
814,20
814,54
814,56
814,81
814,103
814,137
814,174
814,175
814,183
814,189
814,221
814,222
814,232
814,259
814,262
814,271
814,274
815,8
815,19
815,28
815,39
815,69
815,95
815,138
815,167
815,180
815,186
815,188
815,190
815,197
815,213
815,256
815,258
815,273
815,278
816,8
816,45
816,106
816,130
816,150
816,151
816,163
816,179
816,192
816,206
816,212
816,223
816,237
816,244
816,258
816,277
816,278
817,14
817,28
817,34
817,70
817,105
817,113
817,151
817,155
817,205
817,222
817,253
817,258
818,6
818,8
818,47
818,51
818,68
818,74
818,108
818,123
818,126
818,129
818,144
818,164
818,170
818,219
818,229
818,258
818,260
819,80
819,81
819,91
819,126
819,138
819,168
819,177
819,230
819,242
819,243
819,251
819,255
820,26
820,72
820,73
820,109
820,124
820,125
820,126
820,144
820,154
820,186
820,214
820,253
820,255
821,8
821,17
821,50
821,57
821,63
821,79
821,119
821,129
821,155
821,175
821,213
821,239
821,255
821,276
821,280
822,27
822,29
822,57
822,68
822,73
822,76
822,82
822,87
822,91
822,98
822,113
822,133
822,152
822,169
822,170
822,193
822,207
822,251
822,275
822,280
823,33
823,41
823,57
823,83
823,88
823,92
823,96
823,113
823,163
823,169
823,189
823,191
823,218
823,225
823,236
823,265
823,280
824,30
824,57
824,97
824,165
824,260
824,280
825,4
825,14
825,29
825,43
825,51
825,80
825,95
825,98
825,117
825,132
825,147
825,161
825,165
825,173
825,204
825,238
825,257
825,266
826,12
826,61
826,111
826,120
826,155
826,165
826,195
826,219
826,238
826,254
826,261
827,38
827,73
827,92
827,97
827,165
827,173
827,238
827,239
827,267
828,75
828,97
828,104
828,170
828,209
828,232
829,170
829,232
830,26
830,40
830,41
830,46
830,55
830,85
830,97
830,128
830,170
830,175
830,184
830,222
830,232
830,242
830,250
830,251
831,37
831,71
831,96
831,140
831,176
831,177
831,178
831,184
831,208
831,267
832,29
832,119
832,128
832,136
832,177
832,184
832,204
833,20
833,43
833,58
833,66
833,121
833,134
833,171
833,173
833,177
833,184
833,207
833,210
833,211
833,218
833,222
833,243
833,245
833,248
833,261
834,18
834,21
834,29
834,72
834,74
834,84
834,101
834,163
834,167
834,177
834,184
834,189
834,194
834,195
834,232
834,240
834,261
834,267
834,276
835,24
835,33
835,39
835,40
835,49
835,56
835,57
835,116
835,152
835,194
835,225
835,269
835,278
836,31
836,55
836,66
836,70
836,95
836,118
836,131
836,148
836,152
836,184
836,212
836,236
836,269
836,278
837,12
837,17
837,44
837,103
837,104
837,127
837,162
837,176
837,183
837,184
837,187
837,221
837,255
837,261
837,271
837,275
837,278
838,44
838,149
838,242
838,278
839,23
839,44
839,96
839,144
839,156
839,181
839,200
839,210
839,232
839,275
839,278
840,44
840,231
840,278
841,2
841,33
841,42
841,65
841,75
841,76
841,78
841,107
841,108
841,116
841,117
841,145
841,154
841,168
841,179
841,180
841,188
841,205
841,223
841,253
842,21
842,42
842,64
842,72
842,75
842,85
842,108
842,122
842,144
842,152
842,157
842,159
842,179
842,229
842,231
842,232
842,244
842,247
842,253
843,42
843,179
843,253
843,264
843,272
844,1
844,13
844,15
844,28
844,41
844,44
844,50
844,70
844,103
844,163
844,199
844,215
844,223
844,238
844,243
844,262
844,266
844,273
845,20
845,30
845,41
845,49
845,56
845,65
845,90
845,91
845,96
845,167
845,173
845,191
845,196
845,199
845,231
845,233
845,256
846,11
846,15
846,20
846,47
846,58
846,95
846,99
846,107
846,146
846,173
846,181
846,220
846,237
846,249
846,269
847,4
847,28
847,31
847,99
847,103
847,141
847,152
847,154
847,182
847,194
847,205
847,237
847,271
848,74
848,99
848,194
848,199
848,200
848,222
848,237
849,39
849,65
849,67
849,75
849,76
849,90
849,95
849,100
849,102
849,140
849,158
849,163
849,175
849,218
849,236
849,266
849,274
850,8
850,15
850,17
850,21
850,27
850,42
850,86
850,93
850,158
850,175
850,238
850,259
851,3
851,61
851,68
851,79
851,96
851,102
851,106
851,125
851,129
851,132
851,151
851,158
851,162
851,175
851,236
851,248
851,254
851,264
851,270
852,48
852,81
852,198
853,18
853,19
853,59
853,64
853,81
853,84
853,95
853,96
853,106
853,118
853,139
853,148
853,162
853,208
853,231
853,255
853,258
853,261
854,81
854,215
854,223
854,263
855,119
855,133
855,135
855,223
855,239
855,280
856,6
856,83
856,93
856,119
856,132
856,182
856,187
856,212
856,251
856,254
857,5
857,9
857,59
857,118
857,126
857,141
858,18
858,35
858,53
858,75
858,138
858,141
858,211
858,212
859,3
859,8
859,38
859,54
859,135
859,141
859,227
859,239
859,244
859,245
859,270
859,277
860,4
860,35
860,64
860,66
860,73
860,93
860,103
860,105
860,110
860,135
860,141
860,208
860,226
860,239
860,240
860,257
860,265
860,273
860,278
861,4
861,25
861,95
861,175
861,183
862,95
862,183
862,230
862,269
863,3
863,11
863,46
863,68
863,70
863,95
863,108
863,115
863,132
863,139
863,145
863,158
863,183
863,216
863,247
863,254
863,268
863,273
864,52
864,244
865,29
865,35
865,74
865,77
865,80
865,112
865,120
865,132
865,139
865,158
865,161
865,199
865,237
865,244
865,255
866,29
866,36
866,38
866,42
866,96
866,98
866,160
866,169
866,196
866,203
866,213
866,241
866,242
866,248
866,259
866,268
866,272
867,115
867,160
867,226
867,258
868,46
868,62
868,89
868,96
868,112
868,116
868,160
868,179
868,190
868,203
868,235
868,236
868,244
869,21
869,31
869,43
869,49
869,64
869,97
869,106
869,107
869,118
869,146
869,160
869,182
869,187
869,204
869,210
869,239
869,242
869,253
869,266
870,14
870,43
870,56
870,220
870,234
870,245
870,265
871,24
871,59
871,89
871,104
871,127
871,160
871,192
871,197
871,209
871,220
871,272
872,11
872,60
872,77
872,91
872,105
872,109
872,114
872,118
872,119
872,137
872,149
872,154
872,157
872,207
872,235
872,237
872,255
872,280
873,7
873,12
873,48
873,67
873,137
873,152
873,175
873,206
873,207
873,237
873,269
874,14
874,95
874,137
874,183
874,191
874,207
874,237
874,257
874,271
875,25
875,35
875,111
875,115
875,126
875,136
875,143
875,224
875,258
875,271
876,25
876,81
876,88
876,126
876,198
876,254
876,271
877,33
877,47
877,94
877,105
877,121
877,154
877,155
877,173
877,186
877,190
877,202
877,211
877,217
877,224
877,226
877,230
877,249
877,262
877,267
877,268
878,33
878,42
878,59
878,75
878,85
878,104
878,124
878,184
878,186
878,194
878,224
878,241
878,257
878,277
879,33
879,111
879,140
879,185
879,186
879,235
880,4
880,33
880,39
880,77
880,106
880,107
880,125
880,155
880,184
880,220
880,241
880,277
881,10
881,35
881,42
881,57
881,106
881,132
881,201
882,51
882,56
882,63
882,73
882,97
882,203
882,239
883,9
883,56
883,63
883,69
883,73
883,89
883,100
883,125
883,142
883,154
883,155
883,163
883,194
883,218
883,250
883,259
884,17
884,34
884,44
884,67
884,77
884,82
884,94
884,105
884,114
884,135
884,182
884,186
884,188
884,228
884,232
884,244
884,258
885,1
885,4
885,17
885,52
885,82
885,124
885,151
885,188
885,202
885,224
885,226
885,270
886,10
886,17
886,58
886,62
886,66
886,82
886,96
886,141
886,159
886,181
886,188
886,201
886,218
886,229
886,264
887,10
887,17
887,82
887,102
887,111
887,188
888,53
888,128
888,156
889,33
889,41
889,97
889,128
889,138
889,156
890,4
890,18
890,33
890,136
890,143
890,151
890,197
890,200
890,220
890,255
890,271
890,278
891,25
891,32
891,72
891,74
891,85
891,104
891,136
891,149
891,153
891,180
891,190
891,208
891,213
891,214
891,226
891,244
891,246
891,277
891,280
892,63
892,136
893,9
893,49
893,57
893,61
893,98
893,106
893,108
893,112
893,113
893,114
893,188
893,254
893,275
894,39
894,57
894,64
894,74
894,76
894,106
894,113
894,117
894,128
894,131
894,132
894,168
894,173
894,177
894,214
894,216
894,227
894,277
894,280
895,11
895,37
895,60
895,65
895,84
895,113
895,128
895,174
895,219
895,230
895,238
895,273
896,35
896,113
896,178
896,205
896,254
897,9
897,10
897,88
897,135
897,185
897,272
897,280
898,61
898,78
898,85
898,103
898,104
898,131
898,135
898,137
898,147
898,174
898,177
898,248
898,272
898,280
899,24
899,30
899,43
899,48
899,78
899,102
899,121
899,128
899,135
899,158
899,174
899,193
899,204
899,210
899,272
899,280
900,34
900,76
900,82
900,93
900,128
900,132
900,135
900,137
900,152
900,184
900,193
900,221
900,231
900,266
900,272
900,280
901,3
901,15
901,27
901,52
901,63
901,77
901,85
901,90
901,112
901,146
901,147
901,162
901,169
901,188
901,227
901,232
901,235
901,266
901,270
901,277
902,3
902,13
902,32
902,51
902,104
902,117
902,137
902,138
902,139
902,145
902,163
902,178
902,186
902,200
902,206
902,224
902,232
902,254
903,46
903,63
903,87
903,110
903,127
903,130
903,144
903,145
903,182
903,188
903,192
903,206
903,234
903,235
903,257
904,26
904,50
904,88
904,182
904,247
904,255
905,11
905,50
905,67
905,80
905,96
905,114
905,135
905,149
905,151
905,157
905,182
905,190
905,192
905,214
905,222
905,229
905,234
905,236
905,240
905,258
906,3
906,26
906,32
906,42
906,58
906,60
906,90
906,96
906,128
906,135
906,141
906,149
906,182
906,196
906,211
906,215
907,148
907,161
908,35
908,39
908,62
908,66
908,82
908,136
908,138
908,147
908,148
908,161
908,188
908,195
908,250
908,268
908,273
909,30
909,54
909,142
909,203
909,243
909,274
910,26
910,30
910,54
910,65
910,108
910,113
910,173
910,222
910,235
910,243
910,251
910,267
911,30
911,54
911,99
911,127
911,150
911,181
911,232
911,243
911,257
911,261
911,274
912,1
912,30
912,54
912,60
912,65
912,94
912,128
912,159
912,184
912,185
912,187
912,189
912,206
912,235
912,243
912,249
912,252
912,261
912,280
913,80
913,161
913,185
913,258
913,263
914,58
914,65
914,90
914,95
914,149
914,159
914,161
914,174
914,185
914,205
914,253
914,258
914,275
915,42
915,99
915,102
915,107
915,129
915,141
915,161
915,185
915,193
915,202
915,245
915,258
915,269
915,272
916,10
916,11
916,43
916,111
916,121
916,161
916,179
916,185
916,209
916,217
916,220
916,258
917,28
917,55
918,28
918,55
918,65
918,84
918,136
918,174
918,180
918,232
919,48
919,73
919,82
919,103
919,110
919,111
919,125
919,129
919,184
920,2
920,27
920,37
920,48
920,65
920,79
920,88
920,103
920,114
920,129
920,151
920,161
920,167
920,169
920,197
920,241
920,273
920,279
921,48
921,129
922,17
922,32
922,74
922,104
922,133
922,147
922,152
922,186
922,192
922,204
922,226
922,274
923,133
923,226
924,25
924,119
924,134
924,188
924,212
924,258
925,6
925,18
925,25
925,28
925,64
925,91
925,93
925,122
925,133
925,209
925,232
925,275
926,15
926,70
926,93
926,108
926,110
926,176
926,183
926,227
926,228
926,231
926,239
926,249
926,254
926,260
927,32
927,41
927,70
927,98
927,226
928,11
928,21
928,70
928,148
929,8
929,27
929,101
929,103
929,110
929,112
929,120
929,155
929,166
929,186
929,187
929,195
929,205
929,226
929,280
930,2
930,7
930,29
930,74
930,78
930,82
930,89
930,95
930,96
930,111
930,130
930,142
930,166
930,173
930,178
930,191
930,196
930,232
930,238
930,260
931,57
931,61
931,118
931,166
931,203
931,237
931,249
931,272
932,8
932,64
932,87
932,90
932,125
932,141
932,153
932,172
932,222
932,232
932,250
932,251
932,266
933,27
933,50
933,54
933,65
933,87
933,95
933,127
933,144
933,174
933,187
933,188
933,209
933,225
933,230
933,232
933,258
933,275
934,8
934,15
934,87
934,91
934,105
934,161
934,232
934,249
935,9
935,76
935,81
935,118
935,128
935,130
935,135
935,143
935,189
935,213
935,214
935,228
935,229
935,258
935,263
935,271
935,279
936,8
936,74
936,75
936,76
936,81
936,104
936,194
936,211
936,217
937,14
937,78
937,226
937,234
937,255
938,13
938,14
938,16
938,27
938,103
938,106
938,123
938,131
938,151
938,188
938,234
938,257
939,14
939,21
939,89
939,91
939,93
939,111
939,213
939,234
939,256
940,14
940,234
941,9
941,13
941,27
941,43
941,63
941,72
941,76
941,83
941,135
941,142
941,152
941,167
941,171
941,186
941,211
941,230
941,236
941,266
941,270
942,15
942,62
942,81
942,85
942,134
942,186
942,215
942,216
942,217
942,238
942,252
942,268
943,16
943,33
943,36
943,133
943,212
943,244
944,41
944,75
944,82
944,87
944,115
944,162
944,187
944,199
944,214
944,216
944,228
944,233
944,234
944,239
944,244
944,251
944,277
945,8
945,29
945,47
945,55
945,111
945,117
945,137
945,144
945,156
945,166
945,200
945,215
945,219
945,235
945,244
945,268
945,279
946,18
946,22
946,160
946,190
946,244
947,5
947,6
947,24
947,53
947,80
947,144
947,155
947,160
947,163
947,218
947,253
947,254
948,5
948,8
948,19
948,21
948,30
948,48
948,96
948,139
948,160
948,168
948,227
948,247
948,251
949,16
949,18
949,28
949,44
949,91
949,108
949,119
949,133
949,136
949,150
949,160
949,168
949,170
949,172
949,174
949,193
949,199
949,201
949,207
949,266
950,13
950,91
950,210
950,239
951,91
951,164
951,274
952,13
952,22
952,71
952,81
952,120
952,125
952,159
952,164
952,169
952,211
952,220
952,236
952,238
952,239
952,268
952,269
953,19
953,22
953,29
953,43
953,58
953,106
953,121
953,139
953,143
953,164
953,173
953,199
953,212
953,217
953,223
953,229
953,263
953,266
954,8
954,74
954,75
954,132
954,164
954,222
955,4
955,58
955,110
955,164
955,207
955,262
956,22
956,50
956,80
956,102
956,119
956,161
956,169
956,223
956,237
957,4
957,30
957,71
957,82
957,87
957,102
957,119
957,124
957,179
957,186
957,210
957,223
957,253
957,269
958,4
958,102
958,119
958,223
959,50
959,87
959,154
959,196
959,269
960,52
960,87
960,102
960,154
960,181
960,201
960,256
961,29
961,44
961,52
961,54
961,64
961,87
961,126
961,135
961,154
961,166
961,189
961,205
961,214
961,237
961,245
961,276
962,129
962,187
962,193
962,250
963,26
963,27
963,35
963,114
963,129
963,145
963,163
963,172
963,186
963,187
963,193
963,196
963,261
964,33
964,43
964,51
964,56
964,117
964,129
964,144
964,147
964,159
964,168
964,181
964,187
964,188
964,190
964,192
964,193
964,197
964,221
964,223
964,267
965,129
965,193
966,2
966,7
966,14
966,16
966,183
967,7
967,16
967,110
967,119
967,183
968,7
968,15
968,16
968,160
968,183
968,199
968,227
969,7
969,98
969,131
969,141
969,161
969,188
969,192
970,10
970,25
970,68
970,80
970,96
970,98
970,107
970,115
970,143
970,162
970,177
970,182
970,192
970,199
970,205
970,239
970,278
971,54
971,98
971,192
972,34
972,64
972,70
972,72
972,76
972,87
972,90
972,112
972,131
972,190
972,232
972,251
972,255
972,263
973,76
973,253
973,263
974,3
974,5
974,10
974,95
974,97
974,99
974,100
974,144
974,166
974,220
974,224
974,238
974,247
974,257
974,262
974,274
975,21
975,81
975,95
975,99
975,194
975,257
976,5
976,52
976,70
976,75
976,95
976,99
976,104
976,127
976,181
976,234
976,257
977,1
977,14
977,47
977,85
977,95
977,112
977,116
977,119
977,137
977,143
977,144
977,213
977,217
977,229
977,231
977,242
977,265
977,277
978,21
978,70
978,115
978,116
978,119
978,124
978,155
978,172
978,190
978,195
978,210
978,216
978,217
978,250
978,272
978,278
978,280
979,9
979,13
979,59
979,75
979,76
979,90
979,92
979,119
979,142
979,154
979,180
979,206
979,217
979,269
979,275
980,5
980,44
980,63
980,97
980,100
980,119
980,123
980,134
980,157
980,164
980,173
980,182
980,191
980,199
980,211
980,217
980,229
980,273
981,20
981,68
981,268
982,6
982,15
982,19
982,45
982,74
982,123
982,126
982,128
982,146
982,161
982,176
982,179
982,187
982,200
982,209
982,241
982,247
982,261
982,268
983,5
983,6
983,62
983,66
983,75
983,90
983,114
983,126
983,130
983,141
983,169
983,171
983,180
983,226
983,229
984,22
984,62
984,141
984,218
985,65
985,75
985,111
985,142
985,147
985,154
985,179
985,186
985,187
985,210
986,16
986,72
986,73
986,75
986,76
986,88
986,90
986,101
986,123
986,136
986,139
986,144
986,176
986,187
986,208
986,229
986,245
986,263
986,271
987,24
987,25
987,61
987,115
987,152
987,198
987,218
987,232
987,234
987,278
988,6
988,8
988,21
988,25
988,57
988,60
988,79
988,91
988,142
988,197
988,213
988,219
988,233
988,234
988,267
988,268
988,278
989,25
989,53
989,60
989,61
989,84
989,90
989,111
989,142
989,158
989,184
989,192
989,214
989,234
989,266
989,278
990,27
990,29
990,33
990,37
990,101
990,178
990,199
990,226
990,234
990,236
990,252
990,253
990,271
991,33
991,45
991,199
991,229
991,237
992,33
992,95
992,96
992,199
992,203
992,213
993,33
993,113
993,161
993,186
993,199
994,5
994,19
994,20
994,230
995,19
995,230
996,19
996,25
996,51
996,63
996,85
996,105
996,114
996,123
996,165
996,177
996,178
996,184
996,230
996,262
996,263
996,264
997,19
997,62
997,82
997,92
997,100
997,108
997,221
997,230
997,259
998,3
998,4
998,9
998,11
998,17
998,31
998,34
998,106
998,125
998,149
998,158
998,166
998,178
998,189
998,195
998,200
998,206
998,250
999,3
999,17
999,19
999,59
999,68
999,86
999,111
999,119
999,129
999,136
999,184
999,192
999,245
999,251
999,263
999,273
999,278
1000,3
1000,17
